,Origin,Target,Number of Connections,Neurotransmitter
0,ADAL,ADAR,1,Glutamate_GJ
1,ADAL,ADFL,1,Glutamate_GJ
2,ADAL,AIBL,1,Glutamate
3,ADAL,AIBR,2,Glutamate
4,ADAL,ASHL,1,Glutamate_GJ
5,ADAL,AVAR,2,Glutamate
6,ADAL,AVBL,4,Glutamate
7,ADAL,AVBR,7,Glutamate
8,ADAL,AVDL,1,Glutamate
9,ADAL,AVDR,2,Glutamate_GJ
10,ADAL,AVEL,1,Glutamate
11,ADAL,AVJR,5,Glutamate
12,ADAL,FLPR,1,Glutamate
13,ADAL,PVQL,1,Glutamate_GJ
14,ADAL,RICL,1,Glutamate
15,ADAL,RICR,1,Glutamate
16,ADAL,RIML,3,Glutamate
17,ADAL,RIPL,1,Glutamate
18,ADAL,SMDVR,2,Glutamate
19,ADAR,ADAL,1,Glutamate_GJ
20,ADAR,ADFR,1,Glutamate_GJ
21,ADAR,AIBL,1,Glutamate
22,ADAR,AIBR,1,Glutamate
23,ADAR,ASHR,1,Glutamate_GJ
24,ADAR,AVAL,1,Glutamate
25,ADAR,AVBL,1,Glutamate
26,ADAR,AVBR,5,Glutamate
27,ADAR,AVDL,2,Glutamate_GJ
28,ADAR,AVEL,1,Glutamate
29,ADAR,AVJL,3,Glutamate
30,ADAR,PVQR,1,Glutamate_GJ
31,ADAR,RICL,1,Glutamate
32,ADAR,RIMR,5,Glutamate
33,ADAR,RIPR,1,Glutamate
34,ADAR,RIVR,1,Glutamate
35,ADAR,SMDVL,2,Glutamate
36,ADEL,ADAL,1,Dopamine
37,ADEL,ADER,1,Dopamine
38,ADEL,AINL,1,Dopamine_GJ
39,ADEL,AVAL,2,Dopamine
40,ADEL,AVAR,3,Dopamine
41,ADEL,AVEL,1,Dopamine
42,ADEL,AVKR,1,Dopamine_GJ
43,ADEL,AVL,1,Dopamine
44,ADEL,BDUL,1,Dopamine
45,ADEL,CEPDL,1,Dopamine
46,ADEL,FLPL,1,Dopamine
47,ADEL,IL1L,1,Dopamine
48,ADEL,IL2L,1,Dopamine
49,ADEL,OLLL,1,Dopamine
50,ADEL,RIAL,1,Dopamine
51,ADEL,RIFL,1,Dopamine
52,ADEL,RIGL,5,Dopamine
53,ADEL,RIGR,3,Dopamine
54,ADEL,RIH,2,Dopamine
55,ADEL,RIVL,1,Dopamine
56,ADEL,RIVR,1,Dopamine
57,ADEL,RMDL,2,Dopamine
58,ADEL,RMGL,1,Dopamine
59,ADEL,RMHL,1,Dopamine
60,ADEL,SIADR,1,Dopamine
61,ADEL,SIBDR,1,Dopamine
62,ADEL,SMBDR,1,Dopamine
63,ADEL,URBL,1,Dopamine
64,ADER,ADAR,1,Dopamine
65,ADER,ADEL,2,Dopamine
66,ADER,ALA,1,Dopamine
67,ADER,AVAL,5,Dopamine
68,ADER,AVAR,1,Dopamine
69,ADER,AVDR,2,Dopamine
70,ADER,AVER,1,Dopamine
71,ADER,AVJR,1,Dopamine
72,ADER,AVKL,1,Dopamine
73,ADER,AVKL,1,Dopamine_GJ
74,ADER,AVKR,1,Dopamine
75,ADER,CEPDR,1,Dopamine
76,ADER,FLPL,1,Dopamine
77,ADER,FLPR,1,Dopamine
78,ADER,OLLR,2,Dopamine
79,ADER,PVR,1,Dopamine
80,ADER,RIGL,7,Dopamine
81,ADER,RIGR,4,Dopamine
82,ADER,RIH,1,Dopamine
83,ADER,RMDR,2,Dopamine
84,ADER,SAAVR,1,Dopamine
85,ADFL,ADAL,1,Serotonin_GJ
86,ADFL,ADAL,1,Serotonin
87,ADFL,AIZL,12,Serotonin
88,ADFL,AUAL,5,Serotonin
89,ADFL,OLQVL,1,Serotonin
90,ADFL,RIAL,15,Serotonin
91,ADFL,RIGL,1,Serotonin
92,ADFL,RIR,2,Serotonin
93,ADFL,SMBVL,2,Serotonin
94,ADFR,ADAR,1,Serotonin_GJ
95,ADFR,ADAR,1,Serotonin
96,ADFR,AIAR,1,Serotonin_GJ
97,ADFR,AIYR,1,Serotonin
98,ADFR,AIZR,8,Serotonin
99,ADFR,ASHR,1,Serotonin
100,ADFR,AUAR,4,Serotonin
101,ADFR,AWBR,1,Serotonin
102,ADFR,PVPR,1,Serotonin
103,ADFR,RIAR,16,Serotonin
104,ADFR,RIGR,3,Serotonin
105,ADFR,RIR,3,Serotonin
106,ADFR,SMBDR,1,Serotonin
107,ADFR,SMBVR,2,Serotonin
108,ADFR,URXR,1,Serotonin
109,ADLL,ADLR,1,FMRFamide_GJ
110,ADLL,AIAL,6,FMRFamide
111,ADLL,AIBL,7,FMRFamide
112,ADLL,AIBR,1,FMRFamide
113,ADLL,ALA,2,FMRFamide
114,ADLL,ASER,3,FMRFamide
115,ADLL,ASHL,2,FMRFamide
116,ADLL,AVAL,2,FMRFamide
117,ADLL,AVAR,3,FMRFamide
118,ADLL,AVBL,2,FMRFamide
119,ADLL,AVDL,1,FMRFamide
120,ADLL,AVDR,1,FMRFamide_GJ
121,ADLL,AVDR,4,FMRFamide
122,ADLL,AVJL,1,FMRFamide
123,ADLL,AVJR,3,FMRFamide
124,ADLL,AWBL,2,FMRFamide
125,ADLL,OLQVL,1,FMRFamide
126,ADLL,OLQVL,1,FMRFamide_GJ
127,ADLL,RIPL,1,FMRFamide
128,ADLL,RMGL,1,FMRFamide_GJ
129,ADLR,ADLL,1,FMRFamide_GJ
130,ADLR,AIAR,10,FMRFamide
131,ADLR,AIBR,10,FMRFamide
132,ADLR,ASER,1,FMRFamide
133,ADLR,ASHR,3,FMRFamide
134,ADLR,AVAR,2,FMRFamide
135,ADLR,AVBL,1,FMRFamide
136,ADLR,AVBR,2,FMRFamide
137,ADLR,AVDL,5,FMRFamide
138,ADLR,AVDR,2,FMRFamide
139,ADLR,AVJR,1,FMRFamide
140,ADLR,AWCR,3,FMRFamide
141,ADLR,OLLR,1,FMRFamide
142,ADLR,PVCL,1,FMRFamide
143,ADLR,RICL,1,FMRFamide
144,ADLR,RICR,1,FMRFamide
145,AFDL,AFDR,1,Glutamate_GJ
146,AFDL,AIBL,1,Glutamate_GJ
147,AFDL,AINR,1,Glutamate
148,AFDL,AIYL,7,Glutamate
149,AFDR,AFDL,1,Glutamate_GJ
150,AFDR,AIBR,1,Glutamate_GJ
151,AFDR,AIYR,13,Glutamate
152,AFDR,ASER,1,Glutamate
153,AIAL,ADAL,1,Acetylcholine
154,AIAL,AIAR,1,Acetylcholine_GJ
155,AIAL,AIBL,10,Acetylcholine
156,AIAL,AIML,2,Acetylcholine
157,AIAL,AIZL,1,Acetylcholine
158,AIAL,ASER,3,Acetylcholine
159,AIAL,ASGL,1,Acetylcholine
160,AIAL,ASHL,1,Acetylcholine
161,AIAL,ASIL,2,Acetylcholine_GJ
162,AIAL,ASKL,3,Acetylcholine
163,AIAL,AWAL,1,Acetylcholine_GJ
164,AIAL,AWCR,1,Acetylcholine
165,AIAL,HSNL,1,Acetylcholine
166,AIAL,RIFL,1,Acetylcholine
167,AIAL,RMGL,1,Acetylcholine
168,AIAR,ADAR,1,Acetylcholine
169,AIAR,ADFR,1,Acetylcholine_GJ
170,AIAR,ADLR,2,Acetylcholine
171,AIAR,AIAL,1,Acetylcholine_GJ
172,AIAR,AIBR,14,Acetylcholine
173,AIAR,AIZR,1,Acetylcholine
174,AIAR,ASER,1,Acetylcholine
175,AIAR,ASGR,1,Acetylcholine
176,AIAR,ASIR,2,Acetylcholine_GJ
177,AIAR,AWAR,1,Acetylcholine
178,AIAR,AWAR,1,Acetylcholine_GJ
179,AIAR,AWCL,1,Acetylcholine
180,AIAR,AWCR,3,Acetylcholine
181,AIAR,RIFR,2,Acetylcholine
182,AIBL,AFDL,1,Glutamate_GJ
183,AIBL,AIYL,1,Glutamate
184,AIBL,ASER,1,Glutamate
185,AIBL,AVAL,2,Glutamate
186,AIBL,AVBL,5,Glutamate
187,AIBL,DVC,1,Glutamate_GJ
188,AIBL,FLPL,1,Glutamate
189,AIBL,PVT,1,Glutamate_GJ
190,AIBL,RIBR,4,Glutamate
191,AIBL,RIFL,1,Glutamate
192,AIBL,RIGR,1,Glutamate
193,AIBL,RIGR,3,Glutamate_GJ
194,AIBL,RIML,2,Glutamate
195,AIBL,RIMR,1,Glutamate_GJ
196,AIBL,RIMR,13,Glutamate
197,AIBL,RIVL,1,Glutamate_GJ
198,AIBL,SAADL,2,Glutamate
199,AIBL,SAADR,2,Glutamate
200,AIBL,SMDDR,4,Glutamate
201,AIBR,AFDR,1,Glutamate_GJ
202,AIBR,AVAR,1,Glutamate
203,AIBR,AVBR,3,Glutamate
204,AIBR,AVEL,1,Glutamate
205,AIBR,DB1,1,Glutamate_GJ
206,AIBR,DVC,2,Glutamate_GJ
207,AIBR,PVT,1,Glutamate_GJ
208,AIBR,RIAL,1,Glutamate
209,AIBR,RIBL,4,Glutamate
210,AIBR,RIGL,3,Glutamate_GJ
211,AIBR,RIML,1,Glutamate_GJ
212,AIBR,RIML,16,Glutamate
213,AIBR,RIMR,1,Glutamate
214,AIBR,RIS,1,Glutamate_GJ
215,AIBR,RIVR,1,Glutamate_GJ
216,AIBR,SAADL,1,Glutamate
217,AIBR,SMDDL,3,Glutamate
218,AIBR,SMDVL,1,Glutamate
219,AIBR,VB1,3,Glutamate
220,AIML,AIAL,5,Serotonin
221,AIML,ALML,1,Serotonin
222,AIML,ASGL,2,Serotonin
223,AIML,ASKL,2,Serotonin
224,AIML,AVBR,2,Serotonin
225,AIML,AVDL,1,Serotonin
226,AIML,AVDR,1,Serotonin
227,AIML,AVER,1,Serotonin
228,AIML,AVFL,4,Serotonin
229,AIML,AVFR,1,Serotonin
230,AIML,AVHL,2,Serotonin
231,AIML,AVHR,1,Serotonin
232,AIML,AVJL,1,Serotonin
233,AIML,PVQL,1,Serotonin
234,AIML,RIFL,1,Serotonin
235,AIML,SIBDR,1,Serotonin_GJ
236,AIML,SMBVL,1,Serotonin
237,AIMR,AIAR,5,Serotonin
238,AIMR,ASGR,2,Serotonin
239,AIMR,ASJR,2,Serotonin
240,AIMR,ASKR,3,Serotonin
241,AIMR,AVDR,1,Serotonin
242,AIMR,AVFL,1,Serotonin
243,AIMR,AVFR,1,Serotonin
244,AIMR,HSNL,1,Serotonin
245,AIMR,HSNR,2,Serotonin
246,AIMR,OLQDR,1,Serotonin
247,AIMR,PVNR,1,Serotonin
248,AIMR,RIFR,1,Serotonin
249,AIMR,RMGR,1,Serotonin
250,AINL,ADEL,1,Glutamate_GJ
251,AINL,AFDR,5,Glutamate
252,AINL,AINR,2,Glutamate_GJ
253,AINL,ASEL,3,Glutamate
254,AINL,ASGR,1,Glutamate
255,AINL,ASGR,1,Glutamate_GJ
256,AINL,AUAR,1,Glutamate
257,AINL,AUAR,1,Glutamate_GJ
258,AINL,BAGL,3,Glutamate
259,AINL,RIBL,1,Glutamate
260,AINL,RIBR,2,Glutamate
261,AINR,AFDL,4,Glutamate
262,AINR,AFDR,1,Glutamate
263,AINR,AIAL,2,Glutamate
264,AINR,AIBL,2,Glutamate
265,AINR,AINL,2,Glutamate_GJ
266,AINR,ASEL,1,Glutamate
267,AINR,ASER,1,Glutamate
268,AINR,ASGL,1,Glutamate_GJ
269,AINR,AUAL,1,Glutamate_GJ
270,AINR,AUAR,1,Glutamate
271,AINR,BAGR,3,Glutamate
272,AINR,RIBL,2,Glutamate
273,AINR,RID,1,Glutamate
274,AIYL,AIYR,1,Acetylcholine_GJ
275,AIYL,AIZL,13,Acetylcholine
276,AIYL,AWAL,3,Acetylcholine
277,AIYL,AWCL,1,Acetylcholine
278,AIYL,AWCR,1,Acetylcholine
279,AIYL,HSNR,1,Acetylcholine
280,AIYL,RIAL,7,Acetylcholine
281,AIYL,RIBL,4,Acetylcholine
282,AIYL,RIML,1,Acetylcholine_GJ
283,AIYR,ADFR,1,Acetylcholine
284,AIYR,AIYL,1,Acetylcholine_GJ
285,AIYR,AIZR,8,Acetylcholine
286,AIYR,AWAR,1,Acetylcholine
287,AIYR,HSNL,1,Acetylcholine
288,AIYR,RIAR,6,Acetylcholine
289,AIYR,RIBR,2,Acetylcholine
290,AIYR,RIMR,1,Acetylcholine_GJ
291,AIZL,AIAL,3,Glutamate
292,AIZL,AIBL,2,Glutamate
293,AIZL,AIBR,8,Glutamate
294,AIZL,AIZR,2,Glutamate_GJ
295,AIZL,ASEL,1,Glutamate
296,AIZL,ASGL,1,Glutamate_GJ
297,AIZL,ASHL,1,Glutamate_GJ
298,AIZL,AVER,5,Glutamate
299,AIZL,DVA,1,Glutamate
300,AIZL,RIAL,8,Glutamate
301,AIZL,RIGL,1,Glutamate
302,AIZL,RIML,4,Glutamate
303,AIZL,SMBDL,9,Glutamate
304,AIZL,SMBVL,7,Glutamate
305,AIZL,VB2,1,Glutamate
306,AIZR,AIAR,1,Glutamate
307,AIZR,AIBL,8,Glutamate
308,AIZR,AIBR,1,Glutamate
309,AIZR,AIZL,2,Glutamate_GJ
310,AIZR,ASGR,1,Glutamate_GJ
311,AIZR,ASHR,1,Glutamate_GJ
312,AIZR,AVEL,4,Glutamate
313,AIZR,AVER,1,Glutamate
314,AIZR,AWAR,1,Glutamate_GJ
315,AIZR,DVA,1,Glutamate
316,AIZR,RIAR,7,Glutamate
317,AIZR,RIMR,4,Glutamate
318,AIZR,SMBDR,5,Glutamate
319,AIZR,SMBVR,3,Glutamate
320,AIZR,SMDDR,1,Glutamate
321,ALA,ADEL,1,Glutamate
322,ALA,AVAL,1,Glutamate
323,ALA,AVEL,2,Glutamate
324,ALA,AVER,1,Glutamate
325,ALA,RID,1,Glutamate_GJ
326,ALA,RMDR,1,Glutamate
327,ALML,AVDR,1,Glutamate
328,ALML,AVEL,1,Glutamate
329,ALML,AVM,1,Glutamate_GJ
330,ALML,BDUL,6,Glutamate
331,ALML,CEPDL,3,Glutamate
332,ALML,CEPVL,2,Glutamate
333,ALML,PVCL,2,Glutamate
334,ALML,PVCR,1,Glutamate
335,ALML,PVR,1,Glutamate_GJ
336,ALML,RMDDR,1,Glutamate
337,ALML,RMGL,1,Glutamate
338,ALML,SDQL,1,Glutamate
339,ALMR,AVM,1,Glutamate_GJ
340,ALMR,BDUR,5,Glutamate
341,ALMR,CEPDR,1,Glutamate
342,ALMR,CEPVR,1,Glutamate
343,ALMR,PVCR,3,Glutamate
344,ALMR,RMDDL,1,Glutamate
345,ALMR,SIADL,1,Glutamate
346,ALNL,SAAVL,3,Acetylcholine
347,ALNL,SMBDR,1,Acetylcholine_GJ
348,ALNL,SMBDR,2,Acetylcholine
349,ALNL,SMDVL,1,Acetylcholine
350,ALNR,ADER,1,Acetylcholine
351,ALNR,RMHR,1,Acetylcholine
352,ALNR,SAAVR,2,Acetylcholine
353,ALNR,SMBDL,2,Acetylcholine
354,ALNR,SMDDR,1,Acetylcholine
355,ALNR,SMDVL,1,Acetylcholine
356,AQR,AVAL,1,Glutamate
357,AQR,AVAR,3,Glutamate
358,AQR,AVBL,1,Glutamate_GJ
359,AQR,AVBL,3,Glutamate
360,AQR,AVBR,4,Glutamate
361,AQR,AVDL,1,Glutamate
362,AQR,AVDR,1,Glutamate
363,AQR,AVJL,1,Glutamate
364,AQR,AVKL,2,Glutamate_GJ
365,AQR,AVKR,1,Glutamate_GJ
366,AQR,BAGL,2,Glutamate
367,AQR,BAGR,2,Glutamate
368,AQR,PVCR,2,Glutamate
369,AQR,PVPL,1,Glutamate
370,AQR,PVPL,7,Glutamate_GJ
371,AQR,PVPR,9,Glutamate_GJ
372,AQR,RIAL,3,Glutamate
373,AQR,RIAR,1,Glutamate
374,AQR,RIGL,2,Glutamate_GJ
375,AQR,RIGR,1,Glutamate_GJ
376,AQR,URXL,1,Glutamate
377,AS1,AVAL,3,Acetylcholine_GJ
378,AS1,AVAR,2,Acetylcholine_GJ
379,AS1,DA1,2,Acetylcholine
380,AS1,VA3,1,Acetylcholine_GJ
381,AS1,VD1,5,Acetylcholine
382,AS1,VD2,1,Acetylcholine_GJ
383,AS10,AVAL,1,Acetylcholine_GJ
384,AS10,AVAR,1,Acetylcholine_GJ
385,AS11,PDA,1,Acetylcholine
386,AS11,PDB,1,Acetylcholine
387,AS11,PDB,2,Acetylcholine_GJ
388,AS11,VD13,2,Acetylcholine
389,AS2,DA2,1,Acetylcholine_GJ
390,AS2,DB1,1,Acetylcholine
391,AS2,DD1,1,Acetylcholine
392,AS2,VA4,2,Acetylcholine_GJ
393,AS2,VD2,10,Acetylcholine
394,AS3,AVAL,2,Acetylcholine_GJ
395,AS3,AVAR,1,Acetylcholine_GJ
396,AS3,DA2,1,Acetylcholine_GJ
397,AS3,DA3,1,Acetylcholine
398,AS3,DD1,1,Acetylcholine
399,AS3,VA5,2,Acetylcholine_GJ
400,AS3,VD2,1,Acetylcholine
401,AS3,VD3,15,Acetylcholine
402,AS4,AS5,1,Acetylcholine
403,AS4,DA3,1,Acetylcholine_GJ
404,AS4,VD4,11,Acetylcholine
405,AS5,AVAL,1,Acetylcholine_GJ
406,AS5,AVAR,1,Acetylcholine_GJ
407,AS5,DD2,1,Acetylcholine
408,AS5,VA7,1,Acetylcholine_GJ
409,AS5,VD5,9,Acetylcholine
410,AS6,AVAL,1,Acetylcholine_GJ
411,AS6,AVAR,1,Acetylcholine_GJ
412,AS6,AVBR,1,Acetylcholine_GJ
413,AS6,DA5,2,Acetylcholine_GJ
414,AS6,VA8,1,Acetylcholine_GJ
415,AS6,VD6,13,Acetylcholine
416,AS7,AVAL,6,Acetylcholine_GJ
417,AS7,AVAR,5,Acetylcholine_GJ
418,AS7,AVBL,2,Acetylcholine_GJ
419,AS7,AVBR,2,Acetylcholine_GJ
420,AS8,AVAL,4,Acetylcholine_GJ
421,AS8,AVAR,3,Acetylcholine_GJ
422,AS9,AVAL,4,Acetylcholine_GJ
423,AS9,AVAR,1,Acetylcholine
424,AS9,AVAR,1,Acetylcholine_GJ
425,AS9,DVB,7,Acetylcholine_GJ
426,ASEL,ADFR,1,FMRFamide
427,ASEL,AIAL,3,FMRFamide
428,ASEL,AIBL,7,FMRFamide
429,ASEL,AIBR,2,FMRFamide
430,ASEL,AIYL,13,FMRFamide
431,ASEL,AIYR,6,FMRFamide
432,ASEL,AWCL,4,FMRFamide
433,ASEL,AWCR,1,FMRFamide
434,ASEL,RIAR,1,FMRFamide
435,ASER,AFDL,1,FMRFamide
436,ASER,AFDR,2,FMRFamide
437,ASER,AIAL,1,FMRFamide
438,ASER,AIAR,3,FMRFamide
439,ASER,AIBL,2,FMRFamide
440,ASER,AIBR,10,FMRFamide
441,ASER,AIYL,2,FMRFamide
442,ASER,AIYR,14,FMRFamide
443,ASER,AWAR,1,FMRFamide
444,ASER,AWCL,1,FMRFamide
445,ASER,AWCR,1,FMRFamide
446,ASGL,AIAL,9,Glutamate
447,ASGL,AIBL,3,Glutamate
448,ASGL,AINR,1,Glutamate_GJ
449,ASGL,AINR,1,Glutamate
450,ASGL,AIZL,1,Glutamate_GJ
451,ASGL,ASKL,1,Glutamate
452,ASGR,AIAR,10,Glutamate
453,ASGR,AIBR,2,Glutamate
454,ASGR,AINL,1,Glutamate_GJ
455,ASGR,AIYR,1,Glutamate
456,ASGR,AIZR,1,Glutamate_GJ
457,ASHL,ADAL,1,Glutamate_GJ
458,ASHL,ADAL,1,Glutamate
459,ASHL,ADFL,3,Glutamate
460,ASHL,AIAL,7,Glutamate
461,ASHL,AIBL,5,Glutamate
462,ASHL,AIZL,1,Glutamate_GJ
463,ASHL,ASHR,1,Glutamate_GJ
464,ASHL,ASKL,1,Glutamate
465,ASHL,AVAL,2,Glutamate
466,ASHL,AVBL,6,Glutamate
467,ASHL,AVDL,2,Glutamate
468,ASHL,AVDR,2,Glutamate
469,ASHL,RIAL,4,Glutamate
470,ASHL,RICL,2,Glutamate_GJ
471,ASHL,RIML,1,Glutamate
472,ASHL,RIPL,1,Glutamate
473,ASHL,RMGL,1,Glutamate_GJ
474,ASHR,ADAR,1,Glutamate_GJ
475,ASHR,ADAR,2,Glutamate
476,ASHR,ADFR,2,Glutamate
477,ASHR,AIAR,10,Glutamate
478,ASHR,AIBR,3,Glutamate
479,ASHR,AIZR,1,Glutamate_GJ
480,ASHR,ASHL,1,Glutamate_GJ
481,ASHR,ASKR,1,Glutamate_GJ
482,ASHR,AVAR,5,Glutamate
483,ASHR,AVBR,3,Glutamate
484,ASHR,AVDL,5,Glutamate
485,ASHR,AVDR,1,Glutamate
486,ASHR,AVER,3,Glutamate
487,ASHR,HSNR,1,Glutamate
488,ASHR,PVPR,1,Glutamate
489,ASHR,RIAR,2,Glutamate
490,ASHR,RICR,2,Glutamate_GJ
491,ASHR,RMGR,1,Glutamate_GJ
492,ASHR,RMGR,2,Glutamate
493,ASIL,AIAL,2,Glutamate_GJ
494,ASIL,AIBL,1,Glutamate
495,ASIL,AIYL,2,Glutamate
496,ASIL,AIZL,1,Glutamate
497,ASIL,ASER,1,Glutamate
498,ASIL,ASIR,1,Glutamate_GJ
499,ASIL,ASKL,2,Glutamate
500,ASIL,AWCL,1,Glutamate
501,ASIL,AWCR,1,Glutamate
502,ASIL,RIBL,1,Glutamate
503,ASIR,AIAL,1,Glutamate
504,ASIR,AIAR,3,Glutamate
505,ASIR,AIAR,2,Glutamate_GJ
506,ASIR,AIBR,1,Glutamate
507,ASIR,ASEL,2,Glutamate
508,ASIR,ASHR,1,Glutamate
509,ASIR,ASIL,1,Glutamate_GJ
510,ASIR,AWCL,1,Glutamate
511,ASIR,AWCR,1,Glutamate
512,ASJL,ASJR,1,Glutamate_GJ
513,ASJL,ASKL,4,Glutamate
514,ASJL,HSNL,1,Glutamate
515,ASJL,HSNR,1,Glutamate
516,ASJL,PVQL,14,Glutamate
517,ASJR,ASJL,1,Glutamate_GJ
518,ASJR,ASKR,4,Glutamate
519,ASJR,HSNR,1,Glutamate
520,ASJR,PVQR,13,Glutamate
521,ASKL,AIAL,11,Glutamate
522,ASKL,AIBL,2,Glutamate
523,ASKL,AIML,2,Glutamate
524,ASKL,ASKR,1,Glutamate_GJ
525,ASKL,PVQL,5,Glutamate_GJ
526,ASKL,RMGL,1,Glutamate_GJ
527,ASKR,AIAR,11,Glutamate
528,ASKR,AIMR,1,Glutamate
529,ASKR,ASHR,1,Glutamate_GJ
530,ASKR,ASKL,1,Glutamate_GJ
531,ASKR,AWAR,1,Glutamate
532,ASKR,CEPVR,1,Glutamate
533,ASKR,PVQR,4,Glutamate_GJ
534,ASKR,RIFR,1,Glutamate
535,ASKR,RMGR,1,Glutamate_GJ
536,AUAL,AINR,1,Glutamate_GJ
537,AUAL,AUAR,1,Glutamate_GJ
538,AUAL,AVAL,3,Glutamate
539,AUAL,AVDR,1,Glutamate
540,AUAL,AVEL,3,Glutamate
541,AUAL,AWBL,1,Glutamate_GJ
542,AUAL,RIAL,5,Glutamate
543,AUAL,RIBL,9,Glutamate
544,AUAR,AINL,1,Glutamate_GJ
545,AUAR,AIYR,1,Glutamate
546,AUAR,AUAL,1,Glutamate_GJ
547,AUAR,AVAR,1,Glutamate
548,AUAR,AVER,4,Glutamate
549,AUAR,AWBR,1,Glutamate_GJ
550,AUAR,RIAR,6,Glutamate
551,AUAR,RIBR,13,Glutamate
552,AUAR,URXR,1,Glutamate
553,AVAL,AS1,3,FMRFamide_GJ
554,AVAL,AS10,1,FMRFamide_GJ
555,AVAL,AS10,2,FMRFamide
556,AVAL,AS11,4,FMRFamide
557,AVAL,AS2,1,FMRFamide
558,AVAL,AS3,1,FMRFamide
559,AVAL,AS3,2,FMRFamide_GJ
560,AVAL,AS4,1,FMRFamide
561,AVAL,AS5,1,FMRFamide_GJ
562,AVAL,AS5,3,FMRFamide
563,AVAL,AS6,1,FMRFamide_GJ
564,AVAL,AS7,6,FMRFamide_GJ
565,AVAL,AS7,8,FMRFamide
566,AVAL,AS8,4,FMRFamide_GJ
567,AVAL,AS8,5,FMRFamide
568,AVAL,AS9,4,FMRFamide_GJ
569,AVAL,AS9,8,FMRFamide
570,AVAL,AVAR,2,FMRFamide
571,AVAL,AVAR,5,FMRFamide_GJ
572,AVAL,AVBR,1,FMRFamide
573,AVAL,AVDL,1,FMRFamide
574,AVAL,AVHL,1,FMRFamide
575,AVAL,AVJL,2,FMRFamide_GJ
576,AVAL,DA1,2,FMRFamide
577,AVAL,DA1,2,FMRFamide_GJ
578,AVAL,DA2,2,FMRFamide
579,AVAL,DA2,2,FMRFamide_GJ
580,AVAL,DA3,6,FMRFamide
581,AVAL,DA4,3,FMRFamide_GJ
582,AVAL,DA4,7,FMRFamide
583,AVAL,DA5,1,FMRFamide_GJ
584,AVAL,DA5,7,FMRFamide
585,AVAL,DA6,10,FMRFamide_GJ
586,AVAL,DA6,11,FMRFamide
587,AVAL,DA7,2,FMRFamide
588,AVAL,DA7,2,FMRFamide_GJ
589,AVAL,DA8,4,FMRFamide
590,AVAL,DA9,3,FMRFamide
591,AVAL,DB5,2,FMRFamide
592,AVAL,DB6,1,FMRFamide
593,AVAL,DB6,3,FMRFamide_GJ
594,AVAL,FLPL,1,FMRFamide_GJ
595,AVAL,LUAL,1,FMRFamide
596,AVAL,LUAL,1,FMRFamide_GJ
597,AVAL,PVCL,2,FMRFamide_GJ
598,AVAL,PVCL,10,FMRFamide
599,AVAL,PVCR,6,FMRFamide
600,AVAL,PVCR,5,FMRFamide_GJ
601,AVAL,PVPL,1,FMRFamide_GJ
602,AVAL,RIMR,3,FMRFamide_GJ
603,AVAL,SABD,4,FMRFamide_GJ
604,AVAL,SABVR,1,FMRFamide_GJ
605,AVAL,SDQR,1,FMRFamide_GJ
606,AVAL,URYDL,1,FMRFamide_GJ
607,AVAL,URYVR,1,FMRFamide_GJ
608,AVAL,VA1,3,FMRFamide_GJ
609,AVAL,VA10,1,FMRFamide_GJ
610,AVAL,VA10,5,FMRFamide
611,AVAL,VA11,1,FMRFamide_GJ
612,AVAL,VA11,6,FMRFamide
613,AVAL,VA12,2,FMRFamide
614,AVAL,VA2,1,FMRFamide
615,AVAL,VA2,4,FMRFamide_GJ
616,AVAL,VA3,1,FMRFamide_GJ
617,AVAL,VA3,2,FMRFamide
618,AVAL,VA4,1,FMRFamide_GJ
619,AVAL,VA4,2,FMRFamide
620,AVAL,VA5,3,FMRFamide
621,AVAL,VA5,5,FMRFamide_GJ
622,AVAL,VA6,4,FMRFamide
623,AVAL,VA6,6,FMRFamide_GJ
624,AVAL,VA7,2,FMRFamide_GJ
625,AVAL,VA8,9,FMRFamide
626,AVAL,VA8,10,FMRFamide_GJ
627,AVAL,VA9,1,FMRFamide_GJ
628,AVAL,VA9,7,FMRFamide
629,AVAL,VB9,5,FMRFamide_GJ
630,AVAR,ADER,1,FMRFamide
631,AVAR,AS1,1,FMRFamide
632,AVAR,AS1,2,FMRFamide_GJ
633,AVAR,AS10,1,FMRFamide_GJ
634,AVAR,AS10,1,FMRFamide
635,AVAR,AS11,6,FMRFamide
636,AVAR,AS2,2,FMRFamide
637,AVAR,AS3,1,FMRFamide_GJ
638,AVAR,AS3,1,FMRFamide
639,AVAR,AS4,1,FMRFamide
640,AVAR,AS5,1,FMRFamide_GJ
641,AVAR,AS5,1,FMRFamide
642,AVAR,AS6,1,FMRFamide_GJ
643,AVAR,AS6,2,FMRFamide
644,AVAR,AS7,3,FMRFamide
645,AVAR,AS7,5,FMRFamide_GJ
646,AVAR,AS8,3,FMRFamide_GJ
647,AVAR,AS8,6,FMRFamide
648,AVAR,AS9,1,FMRFamide_GJ
649,AVAR,AS9,5,FMRFamide
650,AVAR,AVAL,1,FMRFamide
651,AVAR,AVAL,5,FMRFamide_GJ
652,AVAR,AVBL,1,FMRFamide
653,AVAR,AVDL,1,FMRFamide
654,AVAR,AVDR,2,FMRFamide
655,AVAR,AVEL,2,FMRFamide
656,AVAR,AVER,2,FMRFamide
657,AVAR,DA1,2,FMRFamide
658,AVAR,DA1,6,FMRFamide_GJ
659,AVAR,DA2,2,FMRFamide
660,AVAR,DA2,2,FMRFamide_GJ
661,AVAR,DA3,2,FMRFamide_GJ
662,AVAR,DA3,3,FMRFamide
663,AVAR,DA4,2,FMRFamide_GJ
664,AVAR,DA4,6,FMRFamide
665,AVAR,DA5,2,FMRFamide
666,AVAR,DA5,5,FMRFamide_GJ
667,AVAR,DA6,2,FMRFamide_GJ
668,AVAR,DA6,11,FMRFamide
669,AVAR,DA7,3,FMRFamide
670,AVAR,DA8,1,FMRFamide_GJ
671,AVAR,DA8,8,FMRFamide
672,AVAR,DA9,2,FMRFamide
673,AVAR,DB3,1,FMRFamide
674,AVAR,DB5,1,FMRFamide
675,AVAR,DB5,2,FMRFamide_GJ
676,AVAR,DB6,5,FMRFamide
677,AVAR,LUAL,1,FMRFamide
678,AVAR,LUAR,3,FMRFamide
679,AVAR,PDEL,1,FMRFamide
680,AVAR,PDER,1,FMRFamide
681,AVAR,PVCL,7,FMRFamide
682,AVAR,PVCR,3,FMRFamide_GJ
683,AVAR,PVCR,5,FMRFamide
684,AVAR,RIGL,1,FMRFamide
685,AVAR,RIML,2,FMRFamide_GJ
686,AVAR,RIMR,1,FMRFamide_GJ
687,AVAR,SABD,1,FMRFamide
688,AVAR,SABVL,3,FMRFamide
689,AVAR,SABVL,3,FMRFamide_GJ
690,AVAR,SABVR,1,FMRFamide_GJ
691,AVAR,URYDR,1,FMRFamide_GJ
692,AVAR,URYVL,1,FMRFamide_GJ
693,AVAR,VA10,1,FMRFamide_GJ
694,AVAR,VA10,4,FMRFamide
695,AVAR,VA11,7,FMRFamide_GJ
696,AVAR,VA11,8,FMRFamide
697,AVAR,VA12,1,FMRFamide_GJ
698,AVAR,VA2,2,FMRFamide
699,AVAR,VA3,2,FMRFamide_GJ
700,AVAR,VA3,5,FMRFamide
701,AVAR,VA4,2,FMRFamide
702,AVAR,VA4,3,FMRFamide_GJ
703,AVAR,VA5,1,FMRFamide
704,AVAR,VA5,3,FMRFamide_GJ
705,AVAR,VA6,2,FMRFamide_GJ
706,AVAR,VA6,3,FMRFamide
707,AVAR,VA7,4,FMRFamide_GJ
708,AVAR,VA8,4,FMRFamide_GJ
709,AVAR,VA8,12,FMRFamide
710,AVAR,VA9,6,FMRFamide
711,AVAR,VB9,4,FMRFamide_GJ
712,AVAR,VD13,2,FMRFamide
713,AVBL,AQR,1,Glutamate_GJ
714,AVBL,AS10,1,Glutamate
715,AVBL,AS3,1,Glutamate
716,AVBL,AS4,1,Glutamate
717,AVBL,AS5,1,Glutamate
718,AVBL,AS6,1,Glutamate
719,AVBL,AS7,2,Glutamate_GJ
720,AVBL,AS9,1,Glutamate
721,AVBL,AVAL,7,Glutamate
722,AVBL,AVAR,7,Glutamate
723,AVBL,AVBR,1,Glutamate
724,AVBL,AVBR,3,Glutamate_GJ
725,AVBL,AVDL,1,Glutamate
726,AVBL,AVDR,2,Glutamate
727,AVBL,AVEL,1,Glutamate
728,AVBL,AVER,2,Glutamate
729,AVBL,AVL,1,Glutamate
730,AVBL,DB3,1,Glutamate_GJ
731,AVBL,DB4,1,Glutamate_GJ
732,AVBL,DB5,1,Glutamate_GJ
733,AVBL,DB6,2,Glutamate_GJ
734,AVBL,DB7,2,Glutamate_GJ
735,AVBL,DVA,1,Glutamate_GJ
736,AVBL,PVNR,1,Glutamate
737,AVBL,RIBL,1,Glutamate_GJ
738,AVBL,RIBR,1,Glutamate_GJ
739,AVBL,RID,1,Glutamate_GJ
740,AVBL,SDQR,1,Glutamate_GJ
741,AVBL,SIBVL,1,Glutamate_GJ
742,AVBL,VA10,1,Glutamate
743,AVBL,VA2,1,Glutamate
744,AVBL,VA7,1,Glutamate
745,AVBL,VB1,1,Glutamate_GJ
746,AVBL,VB10,2,Glutamate_GJ
747,AVBL,VB11,2,Glutamate_GJ
748,AVBL,VB2,1,Glutamate
749,AVBL,VB2,3,Glutamate_GJ
750,AVBL,VB4,1,Glutamate_GJ
751,AVBL,VB5,1,Glutamate_GJ
752,AVBL,VB6,1,Glutamate_GJ
753,AVBL,VB7,2,Glutamate_GJ
754,AVBL,VB8,7,Glutamate_GJ
755,AVBL,VB9,1,Glutamate_GJ
756,AVBL,VC3,1,Glutamate
757,AVBR,AS1,1,Glutamate
758,AVBR,AS10,1,Glutamate
759,AVBR,AS3,1,Glutamate
760,AVBR,AS4,1,Glutamate
761,AVBR,AS5,1,Glutamate
762,AVBR,AS6,1,Glutamate_GJ
763,AVBR,AS6,1,Glutamate
764,AVBR,AS7,1,Glutamate
765,AVBR,AS7,2,Glutamate_GJ
766,AVBR,AVAL,6,Glutamate
767,AVBR,AVAR,7,Glutamate
768,AVBR,AVBL,1,Glutamate
769,AVBR,AVBL,3,Glutamate_GJ
770,AVBR,DA5,1,Glutamate
771,AVBR,DB1,3,Glutamate_GJ
772,AVBR,DB2,1,Glutamate_GJ
773,AVBR,DB3,1,Glutamate_GJ
774,AVBR,DB4,1,Glutamate_GJ
775,AVBR,DB5,1,Glutamate_GJ
776,AVBR,DB6,1,Glutamate_GJ
777,AVBR,DB7,1,Glutamate_GJ
778,AVBR,DD1,1,Glutamate_GJ
779,AVBR,DVA,1,Glutamate_GJ
780,AVBR,HSNR,1,Glutamate
781,AVBR,PVNL,2,Glutamate_GJ
782,AVBR,RIBL,1,Glutamate_GJ
783,AVBR,RIBR,1,Glutamate_GJ
784,AVBR,RID,2,Glutamate_GJ
785,AVBR,SIBVL,1,Glutamate_GJ
786,AVBR,VA4,1,Glutamate
787,AVBR,VA8,1,Glutamate_GJ
788,AVBR,VA9,1,Glutamate
789,AVBR,VA9,1,Glutamate_GJ
790,AVBR,VB10,1,Glutamate_GJ
791,AVBR,VB11,1,Glutamate_GJ
792,AVBR,VB2,1,Glutamate_GJ
793,AVBR,VB3,1,Glutamate_GJ
794,AVBR,VB4,1,Glutamate_GJ
795,AVBR,VB6,2,Glutamate_GJ
796,AVBR,VB7,2,Glutamate_GJ
797,AVBR,VB8,3,Glutamate_GJ
798,AVBR,VB9,6,Glutamate_GJ
799,AVBR,VD10,1,Glutamate_GJ
800,AVBR,VD3,1,Glutamate
801,AVDL,ADAR,2,Glutamate_GJ
802,AVDL,AS1,1,Glutamate
803,AVDL,AS10,1,Glutamate
804,AVDL,AS11,2,Glutamate
805,AVDL,AS4,1,Glutamate
806,AVDL,AS5,1,Glutamate
807,AVDL,AVAL,13,Glutamate
808,AVDL,AVAR,19,Glutamate
809,AVDL,AVM,2,Glutamate_GJ
810,AVDL,DA1,1,Glutamate
811,AVDL,DA2,1,Glutamate
812,AVDL,DA3,4,Glutamate
813,AVDL,DA4,1,Glutamate
814,AVDL,DA5,1,Glutamate
815,AVDL,DA8,1,Glutamate
816,AVDL,FLPL,1,Glutamate_GJ
817,AVDL,FLPR,1,Glutamate_GJ
818,AVDL,LUAL,1,Glutamate
819,AVDL,PVCL,1,Glutamate
820,AVDL,SABD,1,Glutamate
821,AVDL,SABVL,1,Glutamate
822,AVDL,SABVR,1,Glutamate
823,AVDL,VA5,1,Glutamate
824,AVDR,ADAL,2,Glutamate_GJ
825,AVDR,ADLL,1,Glutamate_GJ
826,AVDR,AS10,1,Glutamate
827,AVDR,AS5,1,Glutamate
828,AVDR,AVAL,16,Glutamate
829,AVDR,AVAR,15,Glutamate
830,AVDR,AVBL,1,Glutamate
831,AVDR,AVDL,2,Glutamate
832,AVDR,AVJL,2,Glutamate_GJ
833,AVDR,DA1,2,Glutamate
834,AVDR,DA2,1,Glutamate
835,AVDR,DA3,1,Glutamate
836,AVDR,DA4,1,Glutamate
837,AVDR,DA5,2,Glutamate
838,AVDR,DA8,1,Glutamate
839,AVDR,DA9,1,Glutamate
840,AVDR,DB4,1,Glutamate
841,AVDR,DVC,1,Glutamate
842,AVDR,FLPR,1,Glutamate_GJ
843,AVDR,LUAL,2,Glutamate
844,AVDR,PQR,1,Glutamate
845,AVDR,SABD,1,Glutamate
846,AVDR,SABVL,3,Glutamate
847,AVDR,SABVR,1,Glutamate
848,AVDR,VA11,1,Glutamate
849,AVDR,VA2,1,Glutamate
850,AVDR,VA3,2,Glutamate
851,AVDR,VA6,1,Glutamate
852,AVEL,AS1,1,FMRFamide
853,AVEL,AVAL,12,FMRFamide
854,AVEL,AVAR,7,FMRFamide
855,AVEL,AVER,1,FMRFamide_GJ
856,AVEL,DA1,5,FMRFamide
857,AVEL,DA2,1,FMRFamide
858,AVEL,DA3,3,FMRFamide
859,AVEL,DA4,1,FMRFamide
860,AVEL,PVCR,1,FMRFamide
861,AVEL,PVT,1,FMRFamide
862,AVEL,RIML,2,FMRFamide_GJ
863,AVEL,RIMR,3,FMRFamide_GJ
864,AVEL,RMDVR,1,FMRFamide_GJ
865,AVEL,RMEV,1,FMRFamide_GJ
866,AVEL,SABD,6,FMRFamide
867,AVEL,SABVL,7,FMRFamide
868,AVEL,SABVR,3,FMRFamide
869,AVEL,VA1,5,FMRFamide
870,AVEL,VA3,3,FMRFamide
871,AVEL,VD2,1,FMRFamide
872,AVEL,VD3,1,FMRFamide
873,AVER,AS1,3,FMRFamide
874,AVER,AS2,2,FMRFamide
875,AVER,AS3,1,FMRFamide
876,AVER,AVAL,7,FMRFamide
877,AVER,AVAR,16,FMRFamide
878,AVER,AVDR,1,FMRFamide
879,AVER,AVEL,1,FMRFamide_GJ
880,AVER,DA1,5,FMRFamide
881,AVER,DA2,3,FMRFamide
882,AVER,DA3,1,FMRFamide
883,AVER,DB3,1,FMRFamide
884,AVER,RIML,3,FMRFamide_GJ
885,AVER,RIMR,2,FMRFamide_GJ
886,AVER,RMDVL,1,FMRFamide_GJ
887,AVER,RMDVR,1,FMRFamide_GJ
888,AVER,RMEV,1,FMRFamide_GJ
889,AVER,SABD,2,FMRFamide
890,AVER,SABVL,3,FMRFamide
891,AVER,SABVR,3,FMRFamide
892,AVER,VA1,1,FMRFamide
893,AVER,VA2,1,FMRFamide
894,AVER,VA3,2,FMRFamide
895,AVER,VA4,1,FMRFamide
896,AVER,VA5,1,FMRFamide
897,AVFL,AVBL,1,Glutamate
898,AVFL,AVBR,2,Glutamate
899,AVFL,AVFR,7,Glutamate
900,AVFL,AVFR,23,Glutamate_GJ
901,AVFL,AVG,1,Glutamate
902,AVFL,AVHL,2,Glutamate
903,AVFL,AVHL,2,Glutamate_GJ
904,AVFL,AVHR,4,Glutamate
905,AVFL,AVHR,3,Glutamate_GJ
906,AVFL,AVJL,1,Glutamate
907,AVFL,AVJR,1,Glutamate
908,AVFL,AVL,1,Glutamate
909,AVFL,HSNL,1,Glutamate
910,AVFL,PDER,1,Glutamate
911,AVFL,PVNL,2,Glutamate
912,AVFL,PVQL,1,Glutamate
913,AVFL,PVQR,1,Glutamate
914,AVFL,PVQR,1,Glutamate_GJ
915,AVFL,VB1,1,Glutamate
916,AVFR,ASJL,1,Glutamate
917,AVFR,ASKL,1,Glutamate
918,AVFR,AVBL,1,Glutamate
919,AVFR,AVBR,5,Glutamate
920,AVFR,AVFL,1,Glutamate
921,AVFR,AVFL,23,Glutamate_GJ
922,AVFR,AVHL,2,Glutamate
923,AVFR,AVHL,2,Glutamate_GJ
924,AVFR,AVHR,1,Glutamate
925,AVFR,AVHR,1,Glutamate_GJ
926,AVFR,AVJL,1,Glutamate
927,AVFR,AVJR,1,Glutamate
928,AVFR,HSNR,1,Glutamate
929,AVFR,PVQL,1,Glutamate
930,AVFR,VC4,1,Glutamate_GJ
931,AVFR,VD11,1,Glutamate
932,AVG,AVAR,3,Glutamate
933,AVG,AVBL,1,Glutamate
934,AVG,AVBR,2,Glutamate
935,AVG,AVDR,1,Glutamate
936,AVG,AVEL,1,Glutamate
937,AVG,AVER,1,Glutamate
938,AVG,AVFL,1,Glutamate
939,AVG,AVJL,1,Glutamate
940,AVG,AVL,1,Glutamate
941,AVG,DA8,1,Glutamate
942,AVG,PHAL,2,Glutamate
943,AVG,PVCL,1,Glutamate
944,AVG,PVNR,1,Glutamate
945,AVG,PVPR,1,Glutamate
946,AVG,PVQR,1,Glutamate
947,AVG,PVT,1,Glutamate
948,AVG,RIFL,1,Glutamate_GJ
949,AVG,RIFR,1,Glutamate_GJ
950,AVG,VA11,1,Glutamate
951,AVHL,ADFR,3,Glutamate
952,AVHL,AVBL,1,Glutamate
953,AVHL,AVBR,1,Glutamate
954,AVHL,AVDL,1,Glutamate
955,AVHL,AVFL,1,Glutamate
956,AVHL,AVFL,2,Glutamate_GJ
957,AVHL,AVFR,2,Glutamate_GJ
958,AVHL,AVFR,3,Glutamate
959,AVHL,AVHR,1,Glutamate
960,AVHL,AVHR,1,Glutamate_GJ
961,AVHL,AVJL,3,Glutamate
962,AVHL,AWBR,1,Glutamate
963,AVHL,PHBR,1,Glutamate_GJ
964,AVHL,PVPR,2,Glutamate
965,AVHL,PVQL,1,Glutamate
966,AVHL,PVQR,2,Glutamate
967,AVHL,RIMR,1,Glutamate
968,AVHL,RIR,3,Glutamate
969,AVHL,SMBDR,1,Glutamate
970,AVHL,SMBVR,2,Glutamate
971,AVHL,VD1,1,Glutamate
972,AVHR,ADLL,1,Glutamate
973,AVHR,ADLR,2,Glutamate
974,AVHR,AQR,2,Glutamate
975,AVHR,AVBL,2,Glutamate
976,AVHR,AVBR,1,Glutamate
977,AVHR,AVDR,1,Glutamate
978,AVHR,AVFL,2,Glutamate
979,AVHR,AVFL,3,Glutamate_GJ
980,AVHR,AVFR,1,Glutamate_GJ
981,AVHR,AVFR,1,Glutamate
982,AVHR,AVHL,1,Glutamate_GJ
983,AVHR,AVHL,1,Glutamate
984,AVHR,AVJR,4,Glutamate
985,AVHR,PVNL,1,Glutamate
986,AVHR,PVPL,3,Glutamate
987,AVHR,RIGL,1,Glutamate
988,AVHR,RIR,4,Glutamate
989,AVHR,SMBDL,1,Glutamate
990,AVHR,SMBVL,1,Glutamate
991,AVJL,AVAL,2,Glutamate_GJ
992,AVJL,AVAR,1,Glutamate
993,AVJL,AVBL,1,Glutamate
994,AVJL,AVBR,4,Glutamate
995,AVJL,AVDL,1,Glutamate
996,AVJL,AVDR,2,Glutamate_GJ
997,AVJL,AVEL,1,Glutamate
998,AVJL,AVFR,1,Glutamate
999,AVJL,AVHL,2,Glutamate
1000,AVJL,AVJR,4,Glutamate_GJ
1001,AVJL,HSNR,1,Glutamate
1002,AVJL,PLMR,2,Glutamate
1003,AVJL,PVCL,1,Glutamate
1004,AVJL,PVCL,1,Glutamate_GJ
1005,AVJL,PVCR,2,Glutamate
1006,AVJL,PVCR,3,Glutamate_GJ
1007,AVJL,PVNR,1,Glutamate
1008,AVJL,RIFR,1,Glutamate
1009,AVJL,RIS,1,Glutamate
1010,AVJL,RIS,1,Glutamate_GJ
1011,AVJR,AVAL,1,Glutamate
1012,AVJR,AVAR,1,Glutamate
1013,AVJR,AVBL,3,Glutamate
1014,AVJR,AVBR,1,Glutamate
1015,AVJR,AVDL,1,Glutamate
1016,AVJR,AVDR,3,Glutamate
1017,AVJR,AVER,3,Glutamate
1018,AVJR,AVJL,1,Glutamate
1019,AVJR,AVJL,4,Glutamate_GJ
1020,AVJR,PVCL,1,Glutamate_GJ
1021,AVJR,PVCL,2,Glutamate
1022,AVJR,PVCR,4,Glutamate
1023,AVJR,PVQR,1,Glutamate
1024,AVJR,SABVL,1,Glutamate
1025,AVKL,ADER,1,FMRFamide_GJ
1026,AVKL,AQR,2,FMRFamide_GJ
1027,AVKL,AVBL,1,FMRFamide
1028,AVKL,AVEL,2,FMRFamide
1029,AVKL,AVER,1,FMRFamide
1030,AVKL,AVKR,2,FMRFamide_GJ
1031,AVKL,AVM,1,FMRFamide
1032,AVKL,DVA,1,FMRFamide
1033,AVKL,PDEL,3,FMRFamide
1034,AVKL,PDER,1,FMRFamide
1035,AVKL,PVM,1,FMRFamide
1036,AVKL,PVPL,1,FMRFamide_GJ
1037,AVKL,PVPR,1,FMRFamide_GJ
1038,AVKL,PVT,2,FMRFamide_GJ
1039,AVKL,RICL,1,FMRFamide_GJ
1040,AVKL,RICR,1,FMRFamide_GJ
1041,AVKL,RIGL,1,FMRFamide_GJ
1042,AVKL,RIML,2,FMRFamide
1043,AVKL,RIMR,1,FMRFamide
1044,AVKL,RMFR,1,FMRFamide
1045,AVKL,SAADR,1,FMRFamide
1046,AVKL,SIAVR,1,FMRFamide
1047,AVKL,SMBDL,1,FMRFamide_GJ
1048,AVKL,SMBDR,1,FMRFamide_GJ
1049,AVKL,SMBVR,1,FMRFamide_GJ
1050,AVKL,SMDDR,1,FMRFamide
1051,AVKL,VB1,4,FMRFamide_GJ
1052,AVKL,VB10,1,FMRFamide_GJ
1053,AVKR,ADEL,1,FMRFamide_GJ
1054,AVKR,AQR,1,FMRFamide_GJ
1055,AVKR,AVKL,2,FMRFamide_GJ
1056,AVKR,BDUL,1,FMRFamide
1057,AVKR,PVPL,6,FMRFamide_GJ
1058,AVKR,PVQL,1,FMRFamide
1059,AVKR,RICL,1,FMRFamide_GJ
1060,AVKR,RIGR,1,FMRFamide_GJ
1061,AVKR,RIML,2,FMRFamide
1062,AVKR,RIMR,2,FMRFamide
1063,AVKR,RMDR,1,FMRFamide
1064,AVKR,RMFL,1,FMRFamide
1065,AVKR,SAADL,1,FMRFamide
1066,AVKR,SMBDL,1,FMRFamide
1067,AVKR,SMBDL,1,FMRFamide_GJ
1068,AVKR,SMBDR,2,FMRFamide_GJ
1069,AVKR,SMBVR,1,FMRFamide_GJ
1070,AVKR,SMDDL,1,FMRFamide
1071,AVKR,SMDDR,2,FMRFamide
1072,AVL,AVEL,1,GABA
1073,AVL,AVFR,1,GABA
1074,AVL,DA2,1,GABA
1075,AVL,DD1,1,GABA
1076,AVL,DD6,2,GABA
1077,AVL,DVB,1,GABA_GJ
1078,AVL,DVC,9,GABA_GJ
1079,AVL,HSNR,1,GABA
1080,AVL,PVM,1,GABA_GJ
1081,AVL,PVPR,1,GABA
1082,AVL,PVWL,1,GABA
1083,AVL,SABD,5,GABA
1084,AVL,SABVL,4,GABA
1085,AVL,SABVR,3,GABA
1086,AVL,VD12,4,GABA
1087,AVM,ADER,1,Glutamate
1088,AVM,ALML,1,Glutamate_GJ
1089,AVM,ALMR,1,Glutamate_GJ
1090,AVM,AVBL,6,Glutamate
1091,AVM,AVBR,6,Glutamate
1092,AVM,AVDL,2,Glutamate_GJ
1093,AVM,AVJR,1,Glutamate
1094,AVM,BDUL,3,Glutamate
1095,AVM,BDUR,2,Glutamate
1096,AVM,DA1,1,Glutamate
1097,AVM,PVCL,4,Glutamate
1098,AVM,PVCR,5,Glutamate
1099,AVM,PVNL,1,Glutamate
1100,AVM,PVR,3,Glutamate
1101,AVM,RID,1,Glutamate
1102,AVM,SIBVL,1,Glutamate
1103,AVM,VA1,2,Glutamate
1104,AWAL,ADAL,1,Serotonin
1105,AWAL,AFDL,5,Serotonin
1106,AWAL,AIAL,1,Serotonin_GJ
1107,AWAL,AIYL,1,Serotonin
1108,AWAL,AIZL,10,Serotonin
1109,AWAL,ASEL,4,Serotonin
1110,AWAL,ASGL,1,Serotonin
1111,AWAL,AWAR,1,Serotonin_GJ
1112,AWAL,AWBL,1,Serotonin
1113,AWAR,ADFR,3,Serotonin
1114,AWAR,AFDR,7,Serotonin
1115,AWAR,AIAR,1,Serotonin_GJ
1116,AWAR,AIYR,2,Serotonin
1117,AWAR,AIZR,1,Serotonin_GJ
1118,AWAR,AIZR,7,Serotonin
1119,AWAR,ASEL,1,Serotonin
1120,AWAR,ASER,2,Serotonin
1121,AWAR,AUAR,1,Serotonin
1122,AWAR,AWAL,1,Serotonin_GJ
1123,AWAR,AWBR,1,Serotonin
1124,AWAR,RIFR,2,Serotonin
1125,AWAR,RIGR,1,Serotonin
1126,AWAR,RIR,2,Serotonin
1127,AWBL,ADFL,9,Glutamate
1128,AWBL,AIBR,1,Glutamate
1129,AWBL,AIZL,9,Glutamate
1130,AWBL,AUAL,1,Glutamate_GJ
1131,AWBL,AVBL,1,Glutamate
1132,AWBL,AWBR,1,Glutamate_GJ
1133,AWBL,RIAL,3,Glutamate
1134,AWBL,RMGL,1,Glutamate_GJ
1135,AWBL,SMBDL,1,Glutamate
1136,AWBR,ADFR,4,Glutamate
1137,AWBR,AIZR,4,Glutamate
1138,AWBR,ASGR,1,Glutamate
1139,AWBR,ASHR,2,Glutamate
1140,AWBR,AUAR,1,Glutamate_GJ
1141,AWBR,AVBR,2,Glutamate
1142,AWBR,AWBL,1,Glutamate_GJ
1143,AWBR,RIAR,1,Glutamate
1144,AWBR,RICL,1,Glutamate_GJ
1145,AWBR,RIR,2,Glutamate
1146,AWBR,RMGR,1,Glutamate_GJ
1147,AWBR,SMBVR,1,Glutamate
1148,AWCL,AIAL,2,Glutamate
1149,AWCL,AIAR,4,Glutamate
1150,AWCL,AIBL,1,Glutamate
1151,AWCL,AIBR,1,Glutamate
1152,AWCL,AIYL,10,Glutamate
1153,AWCL,ASEL,1,Glutamate
1154,AWCL,AVAL,1,Glutamate
1155,AWCL,AWCR,1,Glutamate
1156,AWCL,RIAL,3,Glutamate
1157,AWCR,AIAR,1,Glutamate
1158,AWCR,AIBR,4,Glutamate
1159,AWCR,AIYL,4,Glutamate
1160,AWCR,AIYR,9,Glutamate
1161,AWCR,ASEL,1,Glutamate
1162,AWCR,ASGR,1,Glutamate
1163,AWCR,AWCL,5,Glutamate
1164,BAGL,AIBL,1,Glutamate
1165,BAGL,AVAR,1,Glutamate
1166,BAGL,AVEL,1,Glutamate
1167,BAGL,AVER,4,Glutamate
1168,BAGL,BAGR,1,Glutamate
1169,BAGL,BAGR,1,Glutamate_GJ
1170,BAGL,RIAR,5,Glutamate
1171,BAGL,RIBL,1,Glutamate
1172,BAGL,RIBR,7,Glutamate
1173,BAGL,RIGL,1,Glutamate
1174,BAGL,RIGR,4,Glutamate
1175,BAGL,RIGR,1,Glutamate_GJ
1176,BAGL,RIR,1,Glutamate_GJ
1177,BAGR,AIYL,1,Glutamate
1178,BAGR,AVAL,1,Glutamate
1179,BAGR,AVEL,2,Glutamate
1180,BAGR,BAGL,1,Glutamate_GJ
1181,BAGR,RIAL,5,Glutamate
1182,BAGR,RIBL,4,Glutamate
1183,BAGR,RIGL,1,Glutamate_GJ
1184,BAGR,RIGL,5,Glutamate
1185,BAGR,RIR,1,Glutamate_GJ
1186,BDUL,ADEL,3,GABA
1187,BDUL,AVHL,1,GABA
1188,BDUL,AVJR,1,GABA
1189,BDUL,HSNL,1,GABA
1190,BDUL,PVNL,2,GABA
1191,BDUL,PVNR,2,GABA
1192,BDUL,SAADL,1,GABA
1193,BDUL,URADL,1,GABA
1194,BDUR,ADER,1,GABA
1195,BDUR,ALMR,1,GABA
1196,BDUR,AVAL,3,GABA
1197,BDUR,AVHL,1,GABA
1198,BDUR,AVJL,2,GABA
1199,BDUR,HSNR,4,GABA
1200,BDUR,PVCL,1,GABA
1201,BDUR,PVNL,2,GABA
1202,BDUR,PVNR,1,GABA
1203,BDUR,SDQL,1,GABA
1204,BDUR,URADR,1,GABA
1205,CEPDL,AVER,5,Dopamine
1206,CEPDL,IL1DL,4,Dopamine
1207,CEPDL,OLLL,2,Dopamine
1208,CEPDL,OLQDL,1,Dopamine_GJ
1209,CEPDL,OLQDL,6,Dopamine
1210,CEPDL,RIBL,2,Dopamine
1211,CEPDL,RICL,1,Dopamine
1212,CEPDL,RICR,2,Dopamine
1213,CEPDL,RIH,1,Dopamine_GJ
1214,CEPDL,RIPL,2,Dopamine
1215,CEPDL,RIS,1,Dopamine
1216,CEPDL,RMDVL,3,Dopamine
1217,CEPDL,RMGL,4,Dopamine
1218,CEPDL,RMHR,4,Dopamine
1219,CEPDL,SIADR,1,Dopamine
1220,CEPDL,SMBDR,1,Dopamine
1221,CEPDL,URADL,2,Dopamine
1222,CEPDL,URBL,4,Dopamine
1223,CEPDL,URYDL,2,Dopamine
1224,CEPDR,AVEL,6,Dopamine
1225,CEPDR,BDUR,1,Dopamine
1226,CEPDR,IL1DR,5,Dopamine
1227,CEPDR,IL1R,1,Dopamine
1228,CEPDR,OLLR,8,Dopamine
1229,CEPDR,OLQDR,2,Dopamine_GJ
1230,CEPDR,OLQDR,5,Dopamine
1231,CEPDR,RIBR,1,Dopamine
1232,CEPDR,RICL,4,Dopamine
1233,CEPDR,RICR,3,Dopamine
1234,CEPDR,RIH,1,Dopamine_GJ
1235,CEPDR,RIS,1,Dopamine
1236,CEPDR,RMDDL,1,Dopamine
1237,CEPDR,RMDVR,2,Dopamine
1238,CEPDR,RMGR,1,Dopamine
1239,CEPDR,RMHL,4,Dopamine
1240,CEPDR,RMHR,1,Dopamine
1241,CEPDR,SIADL,1,Dopamine
1242,CEPDR,SMBDR,1,Dopamine
1243,CEPDR,URADR,1,Dopamine
1244,CEPDR,URBR,2,Dopamine
1245,CEPDR,URYDR,1,Dopamine
1246,CEPVL,ADLL,1,Dopamine
1247,CEPVL,AVER,3,Dopamine
1248,CEPVL,IL1VL,2,Dopamine
1249,CEPVL,OLLL,4,Dopamine
1250,CEPVL,OLQVL,1,Dopamine_GJ
1251,CEPVL,OLQVL,6,Dopamine
1252,CEPVL,RICL,7,Dopamine
1253,CEPVL,RICR,4,Dopamine
1254,CEPVL,RIH,1,Dopamine_GJ
1255,CEPVL,RIPL,1,Dopamine
1256,CEPVL,RMDDL,4,Dopamine
1257,CEPVL,RMHL,1,Dopamine
1258,CEPVL,SIAVL,1,Dopamine
1259,CEPVL,URAVL,2,Dopamine
1260,CEPVR,ASGR,1,Dopamine
1261,CEPVR,AVEL,5,Dopamine
1262,CEPVR,IL1VR,1,Dopamine
1263,CEPVR,IL2VR,2,Dopamine
1264,CEPVR,OLLR,7,Dopamine
1265,CEPVR,OLQVR,1,Dopamine_GJ
1266,CEPVR,OLQVR,3,Dopamine
1267,CEPVR,RICL,2,Dopamine
1268,CEPVR,RICR,2,Dopamine
1269,CEPVR,RIH,1,Dopamine_GJ
1270,CEPVR,RIPR,1,Dopamine
1271,CEPVR,RIVL,1,Dopamine
1272,CEPVR,RMDDR,2,Dopamine
1273,CEPVR,RMHR,2,Dopamine
1274,CEPVR,SIAVR,2,Dopamine
1275,CEPVR,URAVR,1,Dopamine
1276,DA1,AVAL,2,Acetylcholine_GJ
1277,DA1,AVAR,6,Acetylcholine_GJ
1278,DA1,DA4,1,Acetylcholine_GJ
1279,DA1,DD1,4,Acetylcholine
1280,DA1,SABVL,2,Acetylcholine_GJ
1281,DA1,SABVR,3,Acetylcholine_GJ
1282,DA1,VD1,17,Acetylcholine
1283,DA1,VD2,1,Acetylcholine
1284,DA2,AS2,1,Acetylcholine_GJ
1285,DA2,AS3,1,Acetylcholine_GJ
1286,DA2,AVAL,2,Acetylcholine_GJ
1287,DA2,AVAR,2,Acetylcholine_GJ
1288,DA2,DD1,1,Acetylcholine
1289,DA2,SABVL,1,Acetylcholine_GJ
1290,DA2,VA1,2,Acetylcholine_GJ
1291,DA2,VD1,2,Acetylcholine
1292,DA2,VD2,11,Acetylcholine
1293,DA2,VD3,5,Acetylcholine
1294,DA3,AS4,1,Acetylcholine_GJ
1295,DA3,AS4,1,Acetylcholine
1296,DA3,AVAR,2,Acetylcholine_GJ
1297,DA3,DA4,2,Acetylcholine
1298,DA3,DB3,1,Acetylcholine
1299,DA3,DD2,1,Acetylcholine
1300,DA3,VD3,25,Acetylcholine
1301,DA3,VD4,6,Acetylcholine
1302,DA4,AVAL,3,Acetylcholine_GJ
1303,DA4,AVAR,2,Acetylcholine_GJ
1304,DA4,DA1,1,Acetylcholine_GJ
1305,DA4,DA3,1,Acetylcholine
1306,DA4,DB3,1,Acetylcholine
1307,DA4,DB3,1,Acetylcholine_GJ
1308,DA4,DD2,1,Acetylcholine
1309,DA4,VB6,1,Acetylcholine_GJ
1310,DA4,VD4,12,Acetylcholine
1311,DA4,VD5,15,Acetylcholine
1312,DA5,AS6,2,Acetylcholine_GJ
1313,DA5,AVAL,1,Acetylcholine_GJ
1314,DA5,AVAR,5,Acetylcholine_GJ
1315,DA5,DB4,1,Acetylcholine
1316,DA5,VA4,1,Acetylcholine_GJ
1317,DA5,VA5,2,Acetylcholine_GJ
1318,DA5,VD5,1,Acetylcholine
1319,DA5,VD6,16,Acetylcholine
1320,DA6,AVAL,10,Acetylcholine_GJ
1321,DA6,AVAR,2,Acetylcholine_GJ
1322,DA6,VD4,4,Acetylcholine
1323,DA6,VD5,3,Acetylcholine
1324,DA6,VD6,3,Acetylcholine
1325,DA7,AVAL,2,Acetylcholine_GJ
1326,DA8,AVAR,1,Acetylcholine_GJ
1327,DA8,DA9,1,Acetylcholine_GJ
1328,DA9,DA8,1,Acetylcholine_GJ
1329,DA9,DD6,1,Acetylcholine
1330,DA9,PDA,1,Acetylcholine_GJ
1331,DA9,PHCL,1,Acetylcholine_GJ
1332,DA9,RID,1,Acetylcholine_GJ
1333,DA9,VD13,1,Acetylcholine
1334,DB1,AIBR,1,Acetylcholine_GJ
1335,DB1,AS1,1,Acetylcholine
1336,DB1,AS2,1,Acetylcholine
1337,DB1,AS3,1,Acetylcholine
1338,DB1,AVBR,3,Acetylcholine_GJ
1339,DB1,DB2,1,Acetylcholine_GJ
1340,DB1,DB4,1,Acetylcholine_GJ
1341,DB1,DD1,10,Acetylcholine
1342,DB1,DVA,1,Acetylcholine_GJ
1343,DB1,RID,1,Acetylcholine_GJ
1344,DB1,RIS,1,Acetylcholine_GJ
1345,DB1,VB3,1,Acetylcholine_GJ
1346,DB1,VB4,1,Acetylcholine_GJ
1347,DB1,VD1,21,Acetylcholine
1348,DB1,VD2,15,Acetylcholine
1349,DB1,VD3,1,Acetylcholine
1350,DB2,AVBR,1,Acetylcholine_GJ
1351,DB2,DA3,5,Acetylcholine
1352,DB2,DB1,1,Acetylcholine_GJ
1353,DB2,DB3,6,Acetylcholine_GJ
1354,DB2,DD2,2,Acetylcholine
1355,DB2,VB1,2,Acetylcholine_GJ
1356,DB2,VD3,23,Acetylcholine
1357,DB2,VD4,14,Acetylcholine
1358,DB2,VD5,1,Acetylcholine
1359,DB3,AS4,1,Acetylcholine
1360,DB3,AS5,1,Acetylcholine
1361,DB3,AVBL,1,Acetylcholine_GJ
1362,DB3,AVBR,1,Acetylcholine_GJ
1363,DB3,DA4,1,Acetylcholine_GJ
1364,DB3,DB2,6,Acetylcholine_GJ
1365,DB3,DB4,1,Acetylcholine_GJ
1366,DB3,DD2,4,Acetylcholine
1367,DB3,DD3,10,Acetylcholine
1368,DB3,VD4,9,Acetylcholine
1369,DB3,VD5,26,Acetylcholine
1370,DB3,VD6,7,Acetylcholine
1371,DB4,AVBL,1,Acetylcholine_GJ
1372,DB4,AVBR,1,Acetylcholine_GJ
1373,DB4,DB1,1,Acetylcholine_GJ
1374,DB4,DB3,1,Acetylcholine_GJ
1375,DB4,DD3,3,Acetylcholine
1376,DB4,VB2,1,Acetylcholine_GJ
1377,DB4,VB4,1,Acetylcholine_GJ
1378,DB4,VD6,13,Acetylcholine
1379,DB5,AVAR,2,Acetylcholine_GJ
1380,DB5,AVBL,1,Acetylcholine_GJ
1381,DB5,AVBR,1,Acetylcholine_GJ
1382,DB6,AVAL,3,Acetylcholine_GJ
1383,DB6,AVBL,2,Acetylcholine_GJ
1384,DB6,AVBR,1,Acetylcholine_GJ
1385,DB7,AVBL,2,Acetylcholine_GJ
1386,DB7,AVBR,1,Acetylcholine_GJ
1387,DB7,VD13,2,Acetylcholine
1388,DD1,AVBR,1,GABA_GJ
1389,DD1,DA2,2,GABA
1390,DD1,DD2,1,GABA_GJ
1391,DD1,VD1,4,GABA_GJ
1392,DD1,VD2,1,GABA
1393,DD1,VD2,2,GABA_GJ
1394,DD2,DA3,1,GABA
1395,DD2,DD1,1,GABA_GJ
1396,DD2,DD3,2,GABA_GJ
1397,DD2,VD3,1,GABA
1398,DD2,VD4,1,GABA
1399,DD2,VD4,2,GABA_GJ
1400,DD3,DD2,2,GABA_GJ
1401,DD3,DD4,1,GABA_GJ
1402,DD4,DD3,1,GABA_GJ
1403,DD4,VC3,1,GABA_GJ
1404,DD4,VD8,1,GABA_GJ
1405,DD5,VB8,1,GABA
1406,DD5,VD10,1,GABA_GJ
1407,DD5,VD9,1,GABA
1408,DVA,AIZL,3,GABA
1409,DVA,AQR,4,GABA
1410,DVA,AUAL,1,GABA
1411,DVA,AUAR,1,GABA
1412,DVA,AVAL,3,GABA
1413,DVA,AVAR,1,GABA
1414,DVA,AVBL,1,GABA_GJ
1415,DVA,AVBL,1,GABA
1416,DVA,AVBR,1,GABA_GJ
1417,DVA,AVEL,9,GABA
1418,DVA,AVER,5,GABA
1419,DVA,DB1,1,GABA_GJ
1420,DVA,DB2,1,GABA
1421,DVA,DB3,2,GABA
1422,DVA,DB4,1,GABA
1423,DVA,DB5,1,GABA
1424,DVA,DB6,2,GABA
1425,DVA,DB7,1,GABA
1426,DVA,PDEL,3,GABA
1427,DVA,PVCL,1,GABA_GJ
1428,DVA,PVCL,3,GABA
1429,DVA,PVCR,1,GABA
1430,DVA,PVR,3,GABA
1431,DVA,PVR,2,GABA_GJ
1432,DVA,RIAL,1,GABA
1433,DVA,RIAR,1,GABA
1434,DVA,RIMR,1,GABA
1435,DVA,RIR,3,GABA
1436,DVA,SAADR,1,GABA
1437,DVA,SAAVL,1,GABA
1438,DVA,SAAVR,1,GABA
1439,DVA,SABD,1,GABA
1440,DVA,SMBDL,3,GABA
1441,DVA,SMBDR,2,GABA
1442,DVA,SMBVL,3,GABA
1443,DVA,SMBVR,2,GABA
1444,DVA,VA12,1,GABA
1445,DVA,VA2,1,GABA
1446,DVA,VB1,1,GABA
1447,DVA,VB11,2,GABA
1448,DVB,AS9,7,GABA_GJ
1449,DVB,AVL,1,GABA_GJ
1450,DVB,AVL,5,GABA
1451,DVB,DA8,2,GABA
1452,DVB,DD6,3,GABA
1453,DVB,DVC,3,GABA
1454,DVB,PDA,1,GABA
1455,DVB,PHCL,1,GABA
1456,DVB,PVPL,1,GABA
1457,DVB,VA9,1,GABA_GJ
1458,DVB,VB9,1,GABA_GJ
1459,DVC,AIBL,1,GABA_GJ
1460,DVC,AIBL,1,GABA
1461,DVC,AIBR,2,GABA_GJ
1462,DVC,AIBR,3,GABA
1463,DVC,AVAL,5,GABA
1464,DVC,AVAR,7,GABA
1465,DVC,AVBL,1,GABA
1466,DVC,AVKL,2,GABA
1467,DVC,AVKR,1,GABA
1468,DVC,AVL,9,GABA_GJ
1469,DVC,PVPL,2,GABA_GJ
1470,DVC,PVPR,13,GABA_GJ
1471,DVC,PVT,1,GABA
1472,DVC,RIBL,1,GABA
1473,DVC,RIBR,1,GABA
1474,DVC,RIGL,5,GABA
1475,DVC,RIGR,5,GABA
1476,DVC,RMFL,2,GABA
1477,DVC,RMFR,4,GABA
1478,DVC,VA9,1,GABA_GJ
1479,DVC,VD1,5,GABA_GJ
1480,DVC,VD10,4,GABA_GJ
1481,FLPL,ADEL,2,Glutamate
1482,FLPL,ADER,2,Glutamate
1483,FLPL,AIBL,1,Glutamate
1484,FLPL,AIBR,2,Glutamate
1485,FLPL,AVAL,1,Glutamate_GJ
1486,FLPL,AVAL,14,Glutamate
1487,FLPL,AVAR,17,Glutamate
1488,FLPL,AVBL,4,Glutamate
1489,FLPL,AVBR,5,Glutamate
1490,FLPL,AVDL,1,Glutamate_GJ
1491,FLPL,AVDL,6,Glutamate
1492,FLPL,AVDR,13,Glutamate
1493,FLPL,DVA,1,Glutamate
1494,FLPL,FLPR,1,Glutamate
1495,FLPL,FLPR,2,Glutamate_GJ
1496,FLPL,RIH,1,Glutamate_GJ
1497,FLPR,ADER,1,Glutamate
1498,FLPR,AIBR,1,Glutamate
1499,FLPR,AVAL,12,Glutamate
1500,FLPR,AVAR,5,Glutamate
1501,FLPR,AVBL,5,Glutamate
1502,FLPR,AVBR,1,Glutamate
1503,FLPR,AVDL,1,Glutamate_GJ
1504,FLPR,AVDL,10,Glutamate
1505,FLPR,AVDR,1,Glutamate_GJ
1506,FLPR,AVDR,1,Glutamate
1507,FLPR,AVEL,4,Glutamate
1508,FLPR,AVER,2,Glutamate
1509,FLPR,AVJR,1,Glutamate
1510,FLPR,DVA,1,Glutamate
1511,FLPR,FLPL,2,Glutamate_GJ
1512,FLPR,FLPL,2,Glutamate
1513,FLPR,PVCL,2,Glutamate
1514,FLPR,VB1,1,Glutamate
1515,HSNL,AIAL,1,Serotonin_Acetylcholine
1516,HSNL,AIZL,2,Serotonin_Acetylcholine
1517,HSNL,AIZR,1,Serotonin_Acetylcholine
1518,HSNL,ASHL,1,Serotonin_Acetylcholine
1519,HSNL,ASHR,2,Serotonin_Acetylcholine
1520,HSNL,ASJR,1,Serotonin_Acetylcholine
1521,HSNL,ASKL,1,Serotonin_Acetylcholine
1522,HSNL,AVDR,2,Serotonin_Acetylcholine
1523,HSNL,AVFL,6,Serotonin_Acetylcholine
1524,HSNL,AVJL,1,Serotonin_Acetylcholine
1525,HSNL,AWBL,1,Serotonin_Acetylcholine
1526,HSNL,AWBR,2,Serotonin_Acetylcholine
1527,HSNL,HSNR,1,Serotonin_Acetylcholine_GJ
1528,HSNL,HSNR,3,Serotonin_Acetylcholine
1529,HSNL,RIFL,3,Serotonin_Acetylcholine
1530,HSNL,RIML,2,Serotonin_Acetylcholine
1531,HSNL,SABVL,2,Serotonin_Acetylcholine
1532,HSNL,VC5,3,Serotonin_Acetylcholine
1533,HSNR,AIBL,1,Serotonin_Acetylcholine
1534,HSNR,AIBR,1,Serotonin_Acetylcholine
1535,HSNR,AIZL,1,Serotonin_Acetylcholine
1536,HSNR,AIZR,1,Serotonin_Acetylcholine
1537,HSNR,AS5,1,Serotonin_Acetylcholine
1538,HSNR,ASHL,2,Serotonin_Acetylcholine
1539,HSNR,AVDR,1,Serotonin_Acetylcholine
1540,HSNR,AVFL,1,Serotonin_Acetylcholine
1541,HSNR,AVJL,1,Serotonin_Acetylcholine
1542,HSNR,AVL,1,Serotonin_Acetylcholine
1543,HSNR,AWBL,1,Serotonin_Acetylcholine
1544,HSNR,BDUR,1,Serotonin_Acetylcholine
1545,HSNR,DA5,1,Serotonin_Acetylcholine
1546,HSNR,DA6,1,Serotonin_Acetylcholine
1547,HSNR,HSNL,1,Serotonin_Acetylcholine_GJ
1548,HSNR,HSNL,1,Serotonin_Acetylcholine
1549,HSNR,PVNR,1,Serotonin_Acetylcholine
1550,HSNR,PVNR,1,Serotonin_Acetylcholine_GJ
1551,HSNR,PVQR,1,Serotonin_Acetylcholine
1552,HSNR,RIFR,4,Serotonin_Acetylcholine
1553,HSNR,RMGR,1,Serotonin_Acetylcholine
1554,HSNR,SABD,1,Serotonin_Acetylcholine
1555,HSNR,SABVR,1,Serotonin_Acetylcholine
1556,HSNR,VA6,1,Serotonin_Acetylcholine
1557,HSNR,VC2,3,Serotonin_Acetylcholine
1558,HSNR,VC3,1,Serotonin_Acetylcholine
1559,HSNR,VD4,2,Serotonin_Acetylcholine
1560,I1L,I1R,1,Acetylcholine_GJ
1561,I1L,I3,1,Acetylcholine
1562,I1L,I5,1,Acetylcholine_GJ
1563,I1L,RIPL,1,Acetylcholine_GJ
1564,I1L,RIPR,1,Acetylcholine_GJ
1565,I1R,I1L,1,Acetylcholine_GJ
1566,I1R,I3,1,Acetylcholine
1567,I1R,I5,1,Acetylcholine
1568,I1R,RIPL,1,Acetylcholine_GJ
1569,I1R,RIPR,1,Acetylcholine_GJ
1570,I2L,I1L,1,Glutamate_GJ
1571,I2L,I1R,1,Glutamate_GJ
1572,I2L,M1,1,Glutamate_GJ
1573,I2L,M1,2,Glutamate
1574,I2R,I1L,1,Glutamate_GJ
1575,I2R,I1R,1,Glutamate_GJ
1576,I2R,M1,1,Glutamate_GJ
1577,I2R,M1,2,Glutamate
1578,I3,M1,2,Glutamate
1579,I3,M2L,1,Glutamate
1580,I3,M2L,1,Glutamate_GJ
1581,I3,M2R,1,Glutamate
1582,I3,M2R,1,Glutamate_GJ
1583,I4,I2L,5,Glutamate
1584,I4,I2R,5,Glutamate
1585,I4,I5,2,Glutamate
1586,I4,M1,2,Glutamate
1587,I5,I1L,1,Serotonin_Glutamate_GJ
1588,I5,I1L,3,Serotonin_Glutamate
1589,I5,I1R,1,Serotonin_Glutamate_GJ
1590,I5,I1R,2,Serotonin_Glutamate
1591,I5,M1,1,Serotonin_Glutamate
1592,I5,M5,1,Serotonin_Glutamate
1593,I5,M5,1,Serotonin_Glutamate_GJ
1594,I5,MI,2,Serotonin_Glutamate
1595,I6,I2L,2,Acetylcholine
1596,I6,I2R,2,Acetylcholine
1597,I6,I3,1,Acetylcholine
1598,I6,M4,1,Acetylcholine_GJ
1599,I6,M5,2,Acetylcholine_GJ
1600,I6,NSML,2,Acetylcholine
1601,I6,NSMR,2,Acetylcholine
1602,IL1DL,IL1DR,1,Glutamate_GJ
1603,IL1DL,IL1L,1,Glutamate_GJ
1604,IL1DL,OLLL,1,Glutamate_GJ
1605,IL1DL,PVR,1,Glutamate
1606,IL1DL,RIH,1,Glutamate
1607,IL1DL,RIPL,2,Glutamate
1608,IL1DL,RMDDR,1,Glutamate
1609,IL1DL,RMDVL,4,Glutamate
1610,IL1DL,RMEV,1,Glutamate_GJ
1611,IL1DL,URYDL,1,Glutamate
1612,IL1DR,IL1DL,1,Glutamate_GJ
1613,IL1DR,IL1R,1,Glutamate_GJ
1614,IL1DR,OLLR,1,Glutamate_GJ
1615,IL1DR,RIPR,5,Glutamate
1616,IL1DR,RMDVR,5,Glutamate
1617,IL1DR,RMEV,1,Glutamate_GJ
1618,IL1L,AVER,2,Glutamate
1619,IL1L,IL1DL,1,Glutamate_GJ
1620,IL1L,IL1DL,1,Glutamate
1621,IL1L,IL1VL,1,Glutamate_GJ
1622,IL1L,RMDDL,5,Glutamate
1623,IL1L,RMDL,1,Glutamate
1624,IL1L,RMDR,3,Glutamate
1625,IL1L,RMDVL,4,Glutamate
1626,IL1L,RMDVR,2,Glutamate
1627,IL1L,RMER,1,Glutamate
1628,IL1R,AVEL,1,Glutamate
1629,IL1R,AVER,1,Glutamate
1630,IL1R,IL1DR,1,Glutamate_GJ
1631,IL1R,IL1DR,1,Glutamate
1632,IL1R,IL1VR,1,Glutamate_GJ
1633,IL1R,RMDDL,3,Glutamate
1634,IL1R,RMDDR,2,Glutamate
1635,IL1R,RMDL,4,Glutamate
1636,IL1R,RMDR,2,Glutamate
1637,IL1R,RMDVL,1,Glutamate
1638,IL1R,RMDVR,4,Glutamate
1639,IL1R,RMEL,2,Glutamate
1640,IL1R,RMHL,1,Glutamate
1641,IL1R,URXR,2,Glutamate
1642,IL1VL,IL1L,1,Glutamate_GJ
1643,IL1VL,IL1L,1,Glutamate
1644,IL1VL,IL1VR,1,Glutamate_GJ
1645,IL1VL,RIPL,4,Glutamate
1646,IL1VL,RMDDL,5,Glutamate
1647,IL1VL,RMED,1,Glutamate_GJ
1648,IL1VL,URYVL,1,Glutamate
1649,IL1VR,IL1R,1,Glutamate_GJ
1650,IL1VR,IL1R,1,Glutamate
1651,IL1VR,IL1VL,1,Glutamate_GJ
1652,IL1VR,IL2R,1,Glutamate_GJ
1653,IL1VR,IL2VR,1,Glutamate
1654,IL1VR,RIPR,6,Glutamate
1655,IL1VR,RMDDR,10,Glutamate
1656,IL1VR,RMER,1,Glutamate
1657,IL2DL,AUAL,1,Serotonin
1658,IL2DL,IL1DL,7,Serotonin
1659,IL2DL,OLQDL,2,Serotonin
1660,IL2DL,RIBL,1,Serotonin
1661,IL2DL,RIPL,10,Serotonin
1662,IL2DL,RMEL,4,Serotonin
1663,IL2DL,RMER,3,Serotonin
1664,IL2DL,URADL,3,Serotonin
1665,IL2DR,CEPDR,1,Serotonin
1666,IL2DR,IL1DR,7,Serotonin
1667,IL2DR,RICR,1,Serotonin
1668,IL2DR,RIPR,11,Serotonin
1669,IL2DR,RMED,1,Serotonin
1670,IL2DR,RMEL,2,Serotonin
1671,IL2DR,RMER,2,Serotonin
1672,IL2DR,RMEV,1,Serotonin
1673,IL2DR,URADR,3,Serotonin
1674,IL2L,ADEL,2,Acetylcholine
1675,IL2L,AVEL,1,Acetylcholine
1676,IL2L,IL1L,1,Acetylcholine
1677,IL2L,OLQDL,5,Acetylcholine
1678,IL2L,OLQVL,8,Acetylcholine
1679,IL2L,RICL,1,Acetylcholine
1680,IL2L,RIH,7,Acetylcholine
1681,IL2L,RMDL,3,Acetylcholine
1682,IL2L,RMDR,1,Acetylcholine
1683,IL2L,RMER,2,Acetylcholine
1684,IL2L,RMEV,2,Acetylcholine
1685,IL2L,RMGL,1,Acetylcholine_GJ
1686,IL2L,URXL,2,Acetylcholine
1687,IL2R,ADER,1,Acetylcholine
1688,IL2R,IL1R,1,Acetylcholine
1689,IL2R,IL1VR,1,Acetylcholine_GJ
1690,IL2R,OLLR,1,Acetylcholine
1691,IL2R,OLQDR,2,Acetylcholine
1692,IL2R,OLQVR,7,Acetylcholine
1693,VC1,VD1,4,Serotonin_Acetylcholine
1694,VC1,VD2,1,Serotonin_Acetylcholine
1695,VC1,VD3,1,Serotonin_Acetylcholine
1696,VC1,VD4,2,Serotonin_Acetylcholine
1697,VC1,VD5,5,Serotonin_Acetylcholine
1698,VC1,VD6,1,Serotonin_Acetylcholine
1699,VC2,DB4,1,Serotonin_Acetylcholine
1700,VC2,DD1,6,Serotonin_Acetylcholine
1701,VC2,DD2,4,Serotonin_Acetylcholine
1702,VC2,DD3,9,Serotonin_Acetylcholine
1703,VC2,DVC,1,Serotonin_Acetylcholine
1704,VC2,PVCR,1,Serotonin_Acetylcholine
1705,VC2,PVQR,1,Serotonin_Acetylcholine
1706,VC2,PVT,2,Serotonin_Acetylcholine
1707,VC2,VC1,4,Serotonin_Acetylcholine
1708,VC2,VC1,6,Serotonin_Acetylcholine_GJ
1709,VC2,VC3,2,Serotonin_Acetylcholine_GJ
1710,VC2,VC3,4,Serotonin_Acetylcholine
1711,VC2,VD1,2,Serotonin_Acetylcholine
1712,VC2,VD2,2,Serotonin_Acetylcholine
1713,VC2,VD4,5,Serotonin_Acetylcholine
1714,VC2,VD5,5,Serotonin_Acetylcholine
1715,VC2,VD6,1,Serotonin_Acetylcholine
1716,VC3,AVL,1,Serotonin_Acetylcholine
1717,VC3,DD1,2,Serotonin_Acetylcholine
1718,VC3,DD2,4,Serotonin_Acetylcholine
1719,VC3,DD3,5,Serotonin_Acetylcholine
1720,VC3,DD4,1,Serotonin_Acetylcholine_GJ
1721,VC3,DD4,12,Serotonin_Acetylcholine
1722,VC3,DVC,1,Serotonin_Acetylcholine
1723,VC3,HSNR,1,Serotonin_Acetylcholine
1724,VC3,PVNR,1,Serotonin_Acetylcholine
1725,VC3,PVPR,1,Serotonin_Acetylcholine
1726,VC3,PVQR,4,Serotonin_Acetylcholine
1727,VC3,VC1,2,Serotonin_Acetylcholine_GJ
1728,VC3,VC1,2,Serotonin_Acetylcholine
1729,VC3,VC2,1,Serotonin_Acetylcholine
1730,VC3,VC2,2,Serotonin_Acetylcholine_GJ
1731,VC3,VC4,1,Serotonin_Acetylcholine_GJ
1732,VC3,VC5,2,Serotonin_Acetylcholine_GJ
1733,VC3,VD1,1,Serotonin_Acetylcholine
1734,VC3,VD2,1,Serotonin_Acetylcholine
1735,VC3,VD3,1,Serotonin_Acetylcholine
1736,VC3,VD4,2,Serotonin_Acetylcholine
1737,VC3,VD5,4,Serotonin_Acetylcholine
1738,VC3,VD6,4,Serotonin_Acetylcholine
1739,VC3,VD7,5,Serotonin_Acetylcholine
1740,VC4,AVBL,1,Serotonin_Acetylcholine
1741,VC4,AVFR,1,Serotonin_Acetylcholine_GJ
1742,VC4,AVHR,1,Serotonin_Acetylcholine
1743,VC4,VC1,1,Serotonin_Acetylcholine
1744,VC4,VC3,1,Serotonin_Acetylcholine_GJ
1745,VC4,VC3,4,Serotonin_Acetylcholine
1746,VC4,VC5,1,Serotonin_Acetylcholine
1747,VC4,VC5,1,Serotonin_Acetylcholine_GJ
1748,VC5,AVFL,1,Serotonin_Acetylcholine
1749,VC5,AVFR,1,Serotonin_Acetylcholine
1750,VC5,DVC,2,Serotonin_Acetylcholine
1751,VC5,HSNL,1,Serotonin_Acetylcholine
1752,VC5,OLLR,1,Serotonin_Acetylcholine
1753,VC5,PVT,1,Serotonin_Acetylcholine
1754,VC5,URBL,3,Serotonin_Acetylcholine
1755,VC5,VC3,1,Serotonin_Acetylcholine
1756,VC5,VC3,2,Serotonin_Acetylcholine_GJ
1757,VC5,VC4,1,Serotonin_Acetylcholine_GJ
1758,VC5,VC4,1,Serotonin_Acetylcholine
1759,VD1,DD1,1,GABA
1760,VD1,DD1,4,GABA_GJ
1761,VD1,DVC,5,GABA_GJ
1762,VD1,RIFL,1,GABA_GJ
1763,VD1,RIGL,2,GABA_GJ
1764,VD1,SMDDR,1,GABA_GJ
1765,VD1,VA1,2,GABA
1766,VD1,VA2,1,GABA_GJ
1767,VD1,VC1,1,GABA_GJ
1768,VD1,VD2,7,GABA_GJ
1769,VD10,AVBR,1,GABA_GJ
1770,VD10,DD5,1,GABA_GJ
1771,VD10,DD5,1,GABA
1772,VD10,DVC,4,GABA_GJ
1773,VD10,VB9,2,GABA
1774,VD10,VD9,5,GABA_GJ
1775,VD11,AVAR,2,GABA
1776,VD11,VA11,1,GABA
1777,VD11,VB10,1,GABA
1778,VD12,VA11,3,GABA
1779,VD12,VA12,2,GABA
1780,VD12,VB10,1,GABA
1781,VD12,VB11,1,GABA
1782,VD13,AVAR,2,GABA
1783,VD13,PVCL,1,GABA
1784,VD13,PVCR,1,GABA
1785,VD13,PVPL,2,GABA_GJ
1786,VD13,VA12,1,GABA
1787,VD2,AS1,1,GABA_GJ
1788,VD2,DD1,1,GABA
1789,VD2,DD1,2,GABA_GJ
1790,VD2,VA2,3,GABA_GJ
1791,VD2,VA2,6,GABA
1792,VD2,VB2,3,GABA
1793,VD2,VD1,7,GABA_GJ
1794,VD2,VD3,2,GABA_GJ
1795,VD3,PVPL,1,GABA_GJ
1796,VD3,VA3,2,GABA
1797,VD3,VB2,2,GABA
1798,VD3,VD2,2,GABA_GJ
1799,VD3,VD4,1,GABA_GJ
1800,VD4,DD2,2,GABA_GJ
1801,VD4,PVPR,1,GABA_GJ
1802,VD4,VD3,1,GABA_GJ
1803,VD4,VD5,1,GABA_GJ
1804,VD5,AVAR,1,GABA
1805,VD5,PVPR,1,GABA_GJ
1806,VD5,VA5,2,GABA
1807,VD5,VB4,2,GABA
1808,VD5,VD4,1,GABA_GJ
1809,VD5,VD6,2,GABA_GJ
1810,VD6,AVAL,1,GABA
1811,VD6,VA6,1,GABA
1812,VD6,VB5,2,GABA
1813,VD6,VD5,2,GABA_GJ
1814,VD6,VD7,1,GABA_GJ
1815,VD7,VA9,1,GABA_GJ
1816,VD7,VD6,1,GABA_GJ
1817,VD8,DD4,1,GABA_GJ
1818,VD8,DD4,1,GABA
1819,VD8,VA8,1,GABA_GJ
1820,VD8,VA8,4,GABA
1821,VD9,PDER,1,GABA_GJ
1822,VD9,VD10,5,GABA_GJ
1823,IL2R,RIH,6,Acetylcholine
1824,IL2R,RMDL,1,Acetylcholine
1825,IL2R,RMEL,2,Acetylcholine
1826,IL2R,RMEV,1,Acetylcholine
1827,IL2R,RMGR,1,Acetylcholine_GJ
1828,IL2R,URBR,1,Acetylcholine
1829,IL2R,URXR,1,Acetylcholine_GJ
1830,IL2VL,BAGR,1,Serotonin
1831,IL2VL,IL1VL,7,Serotonin
1832,IL2VL,IL2L,1,Serotonin
1833,IL2VL,OLQVL,1,Serotonin
1834,IL2VL,RIAL,1,Serotonin
1835,IL2VL,RIH,2,Serotonin
1836,IL2VL,RIPL,11,Serotonin
1837,IL2VL,RMEL,1,Serotonin
1838,IL2VL,RMER,4,Serotonin
1839,IL2VL,RMEV,1,Serotonin
1840,IL2VL,URAVL,3,Serotonin
1841,IL2VR,IL1VR,6,Serotonin
1842,IL2VR,OLQVR,1,Serotonin
1843,IL2VR,RIAR,2,Serotonin
1844,IL2VR,RIH,3,Serotonin
1845,IL2VR,RIPR,15,Serotonin
1846,IL2VR,RMEL,3,Serotonin
1847,IL2VR,RMER,2,Serotonin
1848,IL2VR,RMEV,3,Serotonin
1849,IL2VR,URAVR,4,Serotonin
1850,IL2VR,URXR,1,Serotonin
1851,LUAL,AVAL,1,Glutamate_GJ
1852,LUAL,AVAL,5,Glutamate
1853,LUAL,AVAR,6,Glutamate
1854,LUAL,AVDL,4,Glutamate
1855,LUAL,AVDR,2,Glutamate
1856,LUAL,AVJL,1,Glutamate
1857,LUAL,PHBL,1,Glutamate
1858,LUAL,PLML,1,Glutamate_GJ
1859,LUAL,PVNL,1,Glutamate
1860,LUAL,PVR,1,Glutamate_GJ
1861,LUAL,PVWL,1,Glutamate
1862,LUAR,AVAL,3,Glutamate
1863,LUAR,AVAR,7,Glutamate
1864,LUAR,AVDL,1,Glutamate
1865,LUAR,AVDR,3,Glutamate
1866,LUAR,AVJR,1,Glutamate
1867,LUAR,PLMR,1,Glutamate_GJ
1868,LUAR,PQR,1,Glutamate
1869,LUAR,PVCR,3,Glutamate
1870,LUAR,PVR,1,Glutamate
1871,LUAR,PVR,1,Glutamate_GJ
1872,LUAR,PVWL,1,Glutamate
1873,M1,I2L,2,Acetylcholine_GJ
1874,M1,I2R,2,Acetylcholine_GJ
1875,M1,I3,1,Acetylcholine_GJ
1876,M1,I4,1,Acetylcholine_GJ
1877,M2L,I1R,3,Acetylcholine
1878,M2L,I1L,3,Acetylcholine
1879,M2L,I3,1,Acetylcholine_GJ
1880,M2L,I3,2,Acetylcholine
1881,M2L,M2R,1,Acetylcholine_GJ
1882,M2L,M5,1,Acetylcholine_GJ
1883,M2L,MI,2,Acetylcholine
1884,M2R,I1L,3,Acetylcholine
1885,M2R,I1R,3,Acetylcholine
1886,M2R,I3,1,Acetylcholine_GJ
1887,M2R,I3,2,Acetylcholine
1888,M2R,M3L,1,Acetylcholine_GJ
1889,M2R,M3R,1,Acetylcholine_GJ
1890,M2R,M5,1,Acetylcholine_GJ
1891,M2R,MI,1,Acetylcholine_GJ
1892,M2R,MI,2,Acetylcholine
1893,M3L,I1L,4,Glutamate
1894,M3L,I1R,4,Glutamate
1895,M3L,I4,2,Glutamate
1896,M3L,I5,3,Glutamate
1897,M3L,I6,1,Glutamate
1898,M3L,M1,1,Glutamate
1899,M3L,M3R,1,Glutamate_GJ
1900,M3L,MCL,1,Glutamate_GJ
1901,M3L,MCR,1,Glutamate_GJ
1902,M3L,MI,1,Glutamate
1903,M3L,NSML,2,Glutamate
1904,M3L,NSMR,3,Glutamate
1905,M3R,I1L,4,Glutamate
1906,M3R,I1R,4,Glutamate
1907,M3R,I3,2,Glutamate
1908,M3R,I4,6,Glutamate
1909,M3R,I5,3,Glutamate
1910,M3R,I6,1,Glutamate
1911,M3R,M1,1,Glutamate
1912,M3R,M3L,1,Glutamate_GJ
1913,M3R,MCL,1,Glutamate_GJ
1914,M3R,MCR,1,Glutamate_GJ
1915,M3R,MI,1,Glutamate
1916,M3R,NSML,2,Glutamate
1917,M3R,NSMR,3,Glutamate
1918,M4,I3,1,Acetylcholine
1919,M4,I5,13,Acetylcholine
1920,M4,I6,1,Acetylcholine_GJ
1921,M4,I6,2,Acetylcholine
1922,M4,M2L,1,Acetylcholine_GJ
1923,M4,M2R,1,Acetylcholine_GJ
1924,M4,M4,6,Acetylcholine_GJ
1925,M4,M5,1,Acetylcholine_GJ
1926,M4,NSML,1,Acetylcholine
1927,M4,NSMR,1,Acetylcholine
1928,M5,I5,1,Acetylcholine_GJ
1929,M5,I5,3,Acetylcholine
1930,M5,I6,1,Acetylcholine_GJ
1931,M5,M1,1,Acetylcholine
1932,M5,M2L,2,Acetylcholine_GJ
1933,M5,M2R,2,Acetylcholine_GJ
1934,M5,M5,4,Acetylcholine_GJ
1935,MCL,I1L,3,Acetylcholine
1936,MCL,I1R,3,Acetylcholine
1937,MCL,I2L,1,Acetylcholine
1938,MCL,I2R,1,Acetylcholine
1939,MCL,I3,1,Acetylcholine
1940,MCL,M1,1,Acetylcholine
1941,MCL,M2L,2,Acetylcholine_GJ
1942,MCL,M2R,2,Acetylcholine_GJ
1943,MCR,I1L,3,Acetylcholine
1944,MCR,I1R,3,Acetylcholine
1945,MCR,I3,1,Acetylcholine
1946,MCR,M1,1,Acetylcholine
1947,MCR,M2L,2,Acetylcholine_GJ
1948,MCR,M2R,2,Acetylcholine_GJ
1949,NSML,I1L,1,Serotonin_Glutamate
1950,NSML,I1R,2,Serotonin_Glutamate
1951,NSML,I2L,6,Serotonin_Glutamate
1952,NSML,I2R,6,Serotonin_Glutamate
1953,NSML,I3,2,Serotonin_Glutamate
1954,NSML,I4,3,Serotonin_Glutamate
1955,NSML,I5,2,Serotonin_Glutamate
1956,NSML,I6,2,Serotonin_Glutamate
1957,NSML,M3L,1,Serotonin_Glutamate
1958,NSML,M3R,1,Serotonin_Glutamate
1959,NSMR,I1L,2,Serotonin_Glutamate
1960,NSMR,I1R,2,Serotonin_Glutamate
1961,NSMR,I2L,6,Serotonin_Glutamate
1962,NSMR,I2R,6,Serotonin_Glutamate
1963,NSMR,I3,2,Serotonin_Glutamate
1964,NSMR,I4,3,Serotonin_Glutamate
1965,NSMR,I5,2,Serotonin_Glutamate
1966,NSMR,I6,2,Serotonin_Glutamate
1967,NSMR,M3L,1,Serotonin_Glutamate
1968,NSMR,M3R,1,Serotonin_Glutamate
1969,OLLL,AVER,21,Glutamate
1970,OLLL,CEPDL,3,Glutamate
1971,OLLL,CEPVL,4,Glutamate
1972,OLLL,IL1DL,1,Glutamate_GJ
1973,OLLL,IL1VL,2,Glutamate
1974,OLLL,OLLR,2,Glutamate_GJ
1975,OLLL,RIBL,8,Glutamate
1976,OLLL,RIGL,1,Glutamate_GJ
1977,OLLL,RMDDL,7,Glutamate
1978,OLLL,RMDL,2,Glutamate
1979,OLLL,RMDVL,1,Glutamate
1980,OLLL,RMEL,2,Glutamate
1981,OLLL,SMDDL,3,Glutamate
1982,OLLL,SMDDR,4,Glutamate
1983,OLLL,SMDVR,4,Glutamate
1984,OLLL,URYDL,1,Glutamate
1985,OLLR,AVEL,16,Glutamate
1986,OLLR,CEPDR,1,Glutamate
1987,OLLR,CEPVR,6,Glutamate
1988,OLLR,IL1DR,1,Glutamate_GJ
1989,OLLR,IL1DR,2,Glutamate
1990,OLLR,IL1VR,1,Glutamate
1991,OLLR,IL2R,1,Glutamate
1992,OLLR,OLLL,2,Glutamate_GJ
1993,OLLR,RIBR,10,Glutamate
1994,OLLR,RIGR,1,Glutamate_GJ
1995,OLLR,RMDDR,10,Glutamate
1996,OLLR,RMDL,3,Glutamate
1997,OLLR,RMDVR,3,Glutamate
1998,OLLR,RMER,2,Glutamate
1999,OLLR,SMDDR,1,Glutamate
2000,OLLR,SMDVL,4,Glutamate
2001,OLLR,SMDVR,3,Glutamate
2002,OLQDL,CEPDL,1,Glutamate_GJ
2003,OLQDL,RIBL,2,Glutamate_GJ
2004,OLQDL,RICR,1,Glutamate
2005,OLQDL,RIGL,1,Glutamate_GJ
2006,OLQDL,RMDDR,4,Glutamate
2007,OLQDL,RMDVL,1,Glutamate_GJ
2008,OLQDL,SIBVL,3,Glutamate
2009,OLQDL,URBL,1,Glutamate_GJ
2010,OLQDR,CEPDR,2,Glutamate_GJ
2011,OLQDR,RIBR,2,Glutamate_GJ
2012,OLQDR,RICL,1,Glutamate
2013,OLQDR,RICR,1,Glutamate
2014,OLQDR,RIGR,1,Glutamate_GJ
2015,OLQDR,RIH,1,Glutamate_GJ
2016,OLQDR,RMDDL,3,Glutamate
2017,OLQDR,RMDVR,1,Glutamate_GJ
2018,OLQDR,RMHR,1,Glutamate
2019,OLQDR,SIBVR,2,Glutamate
2020,OLQDR,URBR,1,Glutamate_GJ
2021,OLQVL,ADLL,1,Glutamate_GJ
2022,OLQVL,CEPVL,1,Glutamate_GJ
2023,OLQVL,IL1VL,1,Glutamate
2024,OLQVL,IL2VL,1,Glutamate
2025,OLQVL,RIBL,1,Glutamate_GJ
2026,OLQVL,RICL,1,Glutamate
2027,OLQVL,RIGL,1,Glutamate_GJ
2028,OLQVL,RIH,1,Glutamate
2029,OLQVL,RIPL,1,Glutamate
2030,OLQVL,RMDDL,1,Glutamate_GJ
2031,OLQVL,RMDVR,4,Glutamate
2032,OLQVL,SIBDL,3,Glutamate
2033,OLQVL,URBL,1,Glutamate_GJ
2034,OLQVR,CEPVR,1,Glutamate_GJ
2035,OLQVR,IL1VR,1,Glutamate
2036,OLQVR,RIBR,1,Glutamate_GJ
2037,OLQVR,RICR,1,Glutamate
2038,OLQVR,RIGR,1,Glutamate_GJ
2039,OLQVR,RIH,2,Glutamate
2040,OLQVR,RIPR,2,Glutamate
2041,OLQVR,RMDDR,1,Glutamate_GJ
2042,OLQVR,RMDVL,4,Glutamate
2043,OLQVR,RMER,1,Glutamate
2044,OLQVR,SIBDR,4,Glutamate
2045,OLQVR,URBR,1,Glutamate_GJ
2046,PDA,AS11,1,Serotonin
2047,PDA,DA9,1,Serotonin_GJ
2048,PDA,DA9,1,Serotonin
2049,PDA,DD6,1,Serotonin
2050,PDA,PVNR,1,Serotonin
2051,PDA,VD13,3,Serotonin
2052,PDB,AS11,2,FMRFamide_GJ
2053,PDB,RID,2,FMRFamide_GJ
2054,PDB,VD13,2,FMRFamide
2055,PDEL,AVKL,6,Dopamine
2056,PDEL,DVA,24,Dopamine
2057,PDEL,PDER,1,Dopamine
2058,PDEL,PDER,3,Dopamine_GJ
2059,PDEL,PVCR,1,Dopamine_GJ
2060,PDEL,PVM,1,Dopamine_GJ
2061,PDEL,PVM,2,Dopamine
2062,PDEL,PVR,2,Dopamine
2063,PDEL,VA9,1,Dopamine
2064,PDEL,VD11,1,Dopamine
2065,PDER,AVKL,16,Dopamine
2066,PDER,DVA,35,Dopamine
2067,PDER,PDEL,3,Dopamine_GJ
2068,PDER,PVCL,1,Dopamine
2069,PDER,PVCR,1,Dopamine
2070,PDER,PVM,1,Dopamine_GJ
2071,PDER,VA8,1,Dopamine_GJ
2072,PDER,VD9,1,Dopamine_GJ
2073,PHAL,AVDR,1,Glutamate
2074,PHAL,AVFL,3,Glutamate
2075,PHAL,AVG,5,Glutamate
2076,PHAL,AVHL,1,Glutamate
2077,PHAL,AVHR,1,Glutamate
2078,PHAL,DVA,2,Glutamate
2079,PHAL,PHAR,2,Glutamate_GJ
2080,PHAL,PHAR,5,Glutamate
2081,PHAL,PHBL,5,Glutamate
2082,PHAL,PHBR,5,Glutamate
2083,PHAL,PVQL,2,Glutamate
2084,PHAR,AVG,3,Glutamate
2085,PHAR,AVHR,1,Glutamate
2086,PHAR,DA8,1,Glutamate
2087,PHAR,DVA,1,Glutamate
2088,PHAR,PHAL,2,Glutamate_GJ
2089,PHAR,PHAL,6,Glutamate
2090,PHAR,PHBL,1,Glutamate
2091,PHAR,PHBR,5,Glutamate
2092,PHAR,PVPL,3,Glutamate_GJ
2093,PHAR,PVQL,2,Glutamate
2094,PHBL,AVAL,9,Serotonin
2095,PHBL,AVAR,6,Serotonin
2096,PHBL,AVDL,1,Serotonin
2097,PHBL,PHBR,1,Serotonin
2098,PHBL,PHBR,3,Serotonin_GJ
2099,PHBL,PVCL,13,Serotonin
2100,PHBL,VA12,1,Serotonin
2101,PHBR,AVAL,7,Serotonin
2102,PHBR,AVAR,7,Serotonin
2103,PHBR,AVDL,1,Serotonin
2104,PHBR,AVDR,1,Serotonin
2105,PHBR,AVFL,1,Serotonin
2106,PHBR,AVHL,1,Serotonin_GJ
2107,PHBR,DA8,1,Serotonin
2108,PHBR,PHBL,1,Serotonin
2109,PHBR,PHBL,3,Serotonin_GJ
2110,PHBR,PVCL,6,Serotonin
2111,PHBR,PVCR,3,Serotonin
2112,PHBR,VA12,2,Serotonin
2113,PHCL,AVAL,1,Glutamate
2114,PHCL,DA9,1,Glutamate_GJ
2115,PHCL,DA9,7,Glutamate
2116,PHCL,DVA,6,Glutamate
2117,PHCL,LUAL,1,Glutamate
2118,PHCL,PHCR,1,Glutamate_GJ
2119,PHCL,PLML,1,Glutamate_GJ
2120,PHCL,PVCL,2,Glutamate
2121,PHCL,VA12,1,Glutamate_GJ
2122,PHCL,VA12,2,Glutamate
2123,PHCR,AVHR,1,Glutamate
2124,PHCR,DA9,2,Glutamate
2125,PHCR,DVA,8,Glutamate
2126,PHCR,LUAR,1,Glutamate
2127,PHCR,PHCL,1,Glutamate_GJ
2128,PHCR,PHCL,1,Glutamate
2129,PHCR,PVCR,1,Glutamate_GJ
2130,PHCR,PVCR,8,Glutamate
2131,PHCR,VA12,1,Glutamate
2132,PHCR,VA12,1,Glutamate_GJ
2133,PLML,HSNL,1,Glutamate
2134,PLML,LUAL,1,Glutamate_GJ
2135,PLML,PHCL,1,Glutamate_GJ
2136,PLML,PVCL,1,Glutamate_GJ
2137,PLMR,AS6,1,Glutamate
2138,PLMR,AVAL,4,Glutamate
2139,PLMR,AVAR,1,Glutamate
2140,PLMR,AVDL,1,Glutamate
2141,PLMR,AVDR,4,Glutamate
2142,PLMR,DVA,5,Glutamate
2143,PLMR,HSNR,1,Glutamate
2144,PLMR,LUAR,1,Glutamate_GJ
2145,PLMR,PDEL,2,Glutamate
2146,PLMR,PDER,3,Glutamate
2147,PLMR,PVCL,2,Glutamate
2148,PLMR,PVCR,1,Glutamate_GJ
2149,PLMR,PVR,2,Glutamate_GJ
2150,PLNL,SAADL,5,Acetylcholine
2151,PLNL,SMBVL,6,Acetylcholine
2152,PLNR,SAADR,4,Acetylcholine
2153,PLNR,SMBVR,6,Acetylcholine
2154,PQR,AVAL,8,Glutamate
2155,PQR,AVAR,11,Glutamate
2156,PQR,AVDL,7,Glutamate
2157,PQR,AVDR,6,Glutamate
2158,PQR,AVG,1,Glutamate
2159,PQR,LUAR,1,Glutamate
2160,PQR,PVNL,1,Glutamate
2161,PQR,PVPL,4,Glutamate_GJ
2162,PVCL,AS1,1,Glutamate
2163,PVCL,AVAL,1,Glutamate
2164,PVCL,AVAL,2,Glutamate_GJ
2165,PVCL,AVAR,4,Glutamate
2166,PVCL,AVBL,5,Glutamate
2167,PVCL,AVBR,12,Glutamate
2168,PVCL,AVDL,5,Glutamate
2169,PVCL,AVDR,2,Glutamate
2170,PVCL,AVEL,2,Glutamate
2171,PVCL,AVER,1,Glutamate
2172,PVCL,AVJL,1,Glutamate_GJ
2173,PVCL,AVJL,3,Glutamate
2174,PVCL,AVJR,1,Glutamate_GJ
2175,PVCL,AVJR,1,Glutamate
2176,PVCL,DA2,1,Glutamate
2177,PVCL,DA5,1,Glutamate
2178,PVCL,DA6,1,Glutamate
2179,PVCL,DB2,3,Glutamate
2180,PVCL,DB3,4,Glutamate
2181,PVCL,DB4,3,Glutamate
2182,PVCL,DB5,2,Glutamate
2183,PVCL,DB6,2,Glutamate
2184,PVCL,DB7,3,Glutamate
2185,PVCL,DVA,1,Glutamate_GJ
2186,PVCL,DVA,4,Glutamate
2187,PVCL,PLML,1,Glutamate_GJ
2188,PVCL,PVCR,2,Glutamate
2189,PVCL,PVCR,5,Glutamate_GJ
2190,PVCL,RID,5,Glutamate
2191,PVCL,RIS,2,Glutamate
2192,PVCL,SIBVL,2,Glutamate
2193,PVCL,VB10,1,Glutamate_GJ
2194,PVCL,VB10,2,Glutamate
2195,PVCL,VB11,1,Glutamate
2196,PVCL,VB3,1,Glutamate
2197,PVCL,VB4,1,Glutamate
2198,PVCL,VB5,1,Glutamate
2199,PVCL,VB6,2,Glutamate
2200,PVCL,VB8,1,Glutamate
2201,PVCL,VB9,2,Glutamate_GJ
2202,PVCR,AQR,1,Glutamate
2203,PVCR,AS2,1,Glutamate
2204,PVCR,AVAL,5,Glutamate_GJ
2205,PVCR,AVAL,7,Glutamate
2206,PVCR,AVAR,3,Glutamate_GJ
2207,PVCR,AVAR,7,Glutamate
2208,PVCR,AVBL,8,Glutamate
2209,PVCR,AVBR,6,Glutamate
2210,PVCR,AVDL,5,Glutamate
2211,PVCR,AVDR,1,Glutamate
2212,PVCR,AVEL,1,Glutamate
2213,PVCR,AVER,1,Glutamate
2214,PVCR,AVJL,3,Glutamate_GJ
2215,PVCR,AVL,1,Glutamate
2216,PVCR,DA9,1,Glutamate
2217,PVCR,DB2,1,Glutamate
2218,PVCR,DB3,3,Glutamate
2219,PVCR,DB4,4,Glutamate
2220,PVCR,DB5,1,Glutamate
2221,PVCR,DB6,2,Glutamate
2222,PVCR,DB7,1,Glutamate
2223,PVCR,FLPL,1,Glutamate
2224,PVCR,LUAR,1,Glutamate
2225,PVCR,PDEL,1,Glutamate_GJ
2226,PVCR,PDEL,1,Glutamate
2227,PVCR,PHCR,1,Glutamate_GJ
2228,PVCR,PLMR,1,Glutamate_GJ
2229,PVCR,PVCL,3,Glutamate
2230,PVCR,PVCL,5,Glutamate_GJ
2231,PVCR,PVDL,1,Glutamate
2232,PVCR,PVR,1,Glutamate
2233,PVCR,PVWL,2,Glutamate_GJ
2234,PVCR,PVWR,1,Glutamate
2235,PVCR,PVWR,1,Glutamate_GJ
2236,PVCR,RID,5,Glutamate
2237,PVCR,SIBVR,2,Glutamate
2238,PVCR,VA8,2,Glutamate_GJ
2239,PVCR,VA9,1,Glutamate_GJ
2240,PVCR,VB10,1,Glutamate
2241,PVCR,VB4,3,Glutamate
2242,PVCR,VB6,2,Glutamate
2243,PVCR,VB7,3,Glutamate
2244,PVCR,VB8,1,Glutamate
2245,PVDL,AVAL,6,Glutamate
2246,PVDL,AVAR,6,Glutamate
2247,PVDL,DD5,1,Glutamate
2248,PVDL,PVCL,1,Glutamate
2249,PVDL,PVCR,6,Glutamate
2250,PVDL,VD10,1,Glutamate
2251,PVDR,AVAL,6,Glutamate
2252,PVDR,AVAR,9,Glutamate
2253,PVDR,DVA,3,Glutamate
2254,PVDR,PVCL,13,Glutamate
2255,PVDR,PVCR,10,Glutamate
2256,PVDR,PVDL,1,Glutamate
2257,PVDR,VA9,1,Glutamate
2258,PVM,AVKL,11,Glutamate
2259,PVM,AVL,1,Glutamate_GJ
2260,PVM,AVM,1,Glutamate
2261,PVM,DVA,3,Glutamate
2262,PVM,PDEL,1,Glutamate_GJ
2263,PVM,PDEL,7,Glutamate
2264,PVM,PDER,1,Glutamate_GJ
2265,PVM,PDER,8,Glutamate
2266,PVM,PVCL,2,Glutamate
2267,PVM,PVR,1,Glutamate
2268,PVNL,AVAL,2,Glutamate
2269,PVNL,AVBR,1,Glutamate
2270,PVNL,AVBR,2,Glutamate_GJ
2271,PVNL,AVDL,3,Glutamate
2272,PVNL,AVDR,3,Glutamate
2273,PVNL,AVEL,1,Glutamate
2274,PVNL,AVFR,1,Glutamate
2275,PVNL,AVG,1,Glutamate
2276,PVNL,AVJL,5,Glutamate
2277,PVNL,AVJR,5,Glutamate
2278,PVNL,AVL,2,Glutamate
2279,PVNL,BDUL,1,Glutamate
2280,PVNL,BDUR,2,Glutamate
2281,PVNL,DD1,2,Glutamate
2282,PVNL,PQR,1,Glutamate
2283,PVNL,PVCL,1,Glutamate
2284,PVNL,PVNR,5,Glutamate
2285,PVNL,PVQR,1,Glutamate_GJ
2286,PVNL,PVT,1,Glutamate
2287,PVNL,PVWL,1,Glutamate
2288,PVNL,RIFL,1,Glutamate
2289,PVNR,AVAL,2,Glutamate
2290,PVNR,AVBL,1,Glutamate
2291,PVNR,AVBR,2,Glutamate
2292,PVNR,AVDR,1,Glutamate
2293,PVNR,AVEL,3,Glutamate
2294,PVNR,AVJL,4,Glutamate
2295,PVNR,AVJR,1,Glutamate
2296,PVNR,AVL,2,Glutamate
2297,PVNR,BDUL,1,Glutamate
2298,PVNR,BDUR,2,Glutamate
2299,PVNR,DD3,1,Glutamate
2300,PVNR,HSNR,1,Glutamate_GJ
2301,PVNR,HSNR,1,Glutamate
2302,PVNR,PQR,2,Glutamate
2303,PVNR,PVCL,1,Glutamate
2304,PVNR,PVNL,1,Glutamate
2305,PVNR,PVT,2,Glutamate
2306,PVNR,PVWL,2,Glutamate
2307,PVNR,VC2,1,Glutamate
2308,PVNR,VC3,1,Glutamate
2309,PVNR,VD12,1,Glutamate
2310,PVNR,VD6,1,Glutamate
2311,PVNR,VD7,1,Glutamate
2312,PVPL,ADAL,1,Glutamate
2313,PVPL,AQR,1,Glutamate
2314,PVPL,AQR,7,Glutamate_GJ
2315,PVPL,AVAL,1,Glutamate_GJ
2316,PVPL,AVAL,1,Glutamate
2317,PVPL,AVAR,1,Glutamate
2318,PVPL,AVBL,5,Glutamate
2319,PVPL,AVBR,6,Glutamate
2320,PVPL,AVDR,2,Glutamate
2321,PVPL,AVER,1,Glutamate
2322,PVPL,AVHR,1,Glutamate
2323,PVPL,AVKL,1,Glutamate_GJ
2324,PVPL,AVKR,6,Glutamate_GJ
2325,PVPL,DVC,2,Glutamate_GJ
2326,PVPL,PHAR,3,Glutamate_GJ
2327,PVPL,PQR,4,Glutamate_GJ
2328,PVPL,PVCR,3,Glutamate
2329,PVPL,PVPR,1,Glutamate_GJ
2330,PVPL,PVT,1,Glutamate_GJ
2331,PVPL,RIGL,2,Glutamate
2332,PVPL,VD13,2,Glutamate_GJ
2333,PVPL,VD3,1,Glutamate_GJ
2334,PVPR,ADFR,1,Glutamate
2335,PVPR,AQR,2,Glutamate
2336,PVPR,AQR,9,Glutamate_GJ
2337,PVPR,ASHR,1,Glutamate
2338,PVPR,AVAL,1,Glutamate
2339,PVPR,AVAR,2,Glutamate
2340,PVPR,AVBL,4,Glutamate
2341,PVPR,AVBR,5,Glutamate
2342,PVPR,AVHL,3,Glutamate
2343,PVPR,AVKL,1,Glutamate_GJ
2344,PVPR,AVL,4,Glutamate
2345,PVPR,DD2,1,Glutamate
2346,PVPR,DVC,1,Glutamate
2347,PVPR,DVC,13,Glutamate_GJ
2348,PVPR,PVCL,4,Glutamate
2349,PVPR,PVCR,7,Glutamate
2350,PVPR,PVPL,1,Glutamate_GJ
2351,PVPR,PVQR,1,Glutamate
2352,PVPR,RIAR,2,Glutamate
2353,PVPR,RIGR,1,Glutamate
2354,PVPR,RIMR,1,Glutamate
2355,PVPR,RMGR,1,Glutamate
2356,PVPR,VD4,1,Glutamate_GJ
2357,PVPR,VD5,1,Glutamate_GJ
2358,PVQL,ADAL,1,Glutamate_GJ
2359,PVQL,AIAL,3,Glutamate
2360,PVQL,ASJL,1,Glutamate
2361,PVQL,ASKL,4,Glutamate
2362,PVQL,ASKL,5,Glutamate_GJ
2363,PVQL,HSNL,2,Glutamate
2364,PVQL,PVQR,2,Glutamate_GJ
2365,PVQL,RMGL,1,Glutamate
2366,PVQR,ADAR,1,Glutamate_GJ
2367,PVQR,AIAR,7,Glutamate
2368,PVQR,ASER,1,Glutamate
2369,PVQR,ASKR,4,Glutamate_GJ
2370,PVQR,ASKR,4,Glutamate
2371,PVQR,AVBL,1,Glutamate
2372,PVQR,AVFL,1,Glutamate_GJ
2373,PVQR,AVFR,1,Glutamate
2374,PVQR,AVL,1,Glutamate
2375,PVQR,AWAR,2,Glutamate
2376,PVQR,DD1,1,Glutamate
2377,PVQR,DVC,1,Glutamate
2378,PVQR,HSNR,1,Glutamate
2379,PVQR,PVNL,1,Glutamate_GJ
2380,PVQR,PVQL,2,Glutamate_GJ
2381,PVQR,PVT,1,Glutamate
2382,PVQR,RIFR,1,Glutamate
2383,PVQR,VD1,1,Glutamate
2384,PVR,ADAL,1,Glutamate
2385,PVR,ALML,1,Glutamate_GJ
2386,PVR,AS6,1,Glutamate
2387,PVR,AVBL,4,Glutamate
2388,PVR,AVBR,4,Glutamate
2389,PVR,AVJL,3,Glutamate
2390,PVR,AVJR,2,Glutamate
2391,PVR,AVKL,1,Glutamate
2392,PVR,DA9,1,Glutamate
2393,PVR,DB2,1,Glutamate
2394,PVR,DB3,1,Glutamate
2395,PVR,DVA,1,Glutamate
2396,PVR,DVA,2,Glutamate_GJ
2397,PVR,IL1DL,1,Glutamate
2398,PVR,IL1DR,1,Glutamate
2399,PVR,IL1VL,1,Glutamate
2400,PVR,IL1VR,1,Glutamate
2401,PVR,LUAL,1,Glutamate_GJ
2402,PVR,LUAR,1,Glutamate_GJ
2403,PVR,PDEL,1,Glutamate
2404,PVR,PDER,1,Glutamate
2405,PVR,PLMR,2,Glutamate_GJ
2406,PVR,PVCR,1,Glutamate
2407,PVR,RIPL,3,Glutamate
2408,PVR,RIPR,3,Glutamate
2409,PVR,SABD,1,Glutamate
2410,PVR,URADL,1,Glutamate
2411,PVT,AIBL,1,Glutamate_GJ
2412,PVT,AIBL,2,Glutamate
2413,PVT,AIBR,1,Glutamate_GJ
2414,PVT,AIBR,4,Glutamate
2415,PVT,AVKL,2,Glutamate_GJ
2416,PVT,AVKL,7,Glutamate
2417,PVT,AVKR,7,Glutamate
2418,PVT,AVL,2,Glutamate
2419,PVT,DVC,2,Glutamate
2420,PVT,PVPL,1,Glutamate_GJ
2421,PVT,RIBL,1,Glutamate_GJ
2422,PVT,RIBR,1,Glutamate_GJ
2423,PVT,RIGL,2,Glutamate
2424,PVT,RIGR,3,Glutamate
2425,PVT,RIH,1,Glutamate
2426,PVT,RMEV,1,Glutamate
2427,PVT,RMFL,2,Glutamate
2428,PVT,RMFR,3,Glutamate
2429,PVT,SMBDR,1,Glutamate
2430,PVWL,AVJL,1,Serotonin
2431,PVWL,PVCR,2,Serotonin_GJ
2432,PVWL,PVT,2,Serotonin
2433,PVWL,PVWR,1,Serotonin
2434,PVWL,VA12,1,Serotonin
2435,PVWR,AVAR,1,Serotonin
2436,PVWR,AVDR,1,Serotonin
2437,PVWR,PVCR,1,Serotonin_GJ
2438,PVWR,PVCR,1,Serotonin
2439,PVWR,PVT,1,Serotonin
2440,PVWR,VA12,1,Serotonin
2441,RIAL,CEPVL,1,GABA
2442,RIAL,RIAR,1,GABA
2443,RIAL,RIVL,2,GABA
2444,RIAL,RIVR,4,GABA
2445,RIAL,RMDDL,12,GABA
2446,RIAL,RMDDR,7,GABA
2447,RIAL,RMDL,6,GABA
2448,RIAL,RMDR,6,GABA
2449,RIAL,RMDVL,9,GABA
2450,RIAL,RMDVR,11,GABA
2451,RIAL,SIADL,2,GABA
2452,RIAL,SMDDL,8,GABA
2453,RIAL,SMDDR,10,GABA
2454,RIAL,SMDVL,6,GABA
2455,RIAL,SMDVR,11,GABA
2456,RIAR,CEPVR,1,GABA
2457,RIAR,IL1R,1,GABA
2458,RIAR,RIAL,4,GABA
2459,RIAR,RIVL,1,GABA
2460,RIAR,RMDDL,10,GABA
2461,RIAR,RMDDR,11,GABA
2462,RIAR,RMDL,3,GABA
2463,RIAR,RMDR,8,GABA
2464,RIAR,RMDVL,12,GABA
2465,RIAR,RMDVR,10,GABA
2466,RIAR,SAADR,1,GABA
2467,RIAR,SIADL,1,GABA
2468,RIAR,SIADR,1,GABA
2469,RIAR,SIAVL,1,GABA
2470,RIAR,SMDDL,7,GABA
2471,RIAR,SMDDR,7,GABA
2472,RIAR,SMDVL,13,GABA
2473,RIAR,SMDVR,7,GABA
2474,RIBL,AIBR,2,Glutamate
2475,RIBL,AUAL,1,Glutamate
2476,RIBL,AVAL,1,Glutamate
2477,RIBL,AVBL,1,Glutamate_GJ
2478,RIBL,AVBR,1,Glutamate_GJ
2479,RIBL,AVBR,1,Glutamate
2480,RIBL,AVDR,1,Glutamate
2481,RIBL,AVEL,1,Glutamate
2482,RIBL,AVER,5,Glutamate
2483,RIBL,BAGR,1,Glutamate
2484,RIBL,OLQDL,2,Glutamate_GJ
2485,RIBL,OLQVL,1,Glutamate_GJ
2486,RIBL,PVT,1,Glutamate_GJ
2487,RIBL,RIAL,3,Glutamate
2488,RIBL,RIBL,1,Glutamate_GJ
2489,RIBL,RIBR,3,Glutamate_GJ
2490,RIBL,RIGL,1,Glutamate_GJ
2491,RIBL,SIADL,1,Glutamate_GJ
2492,RIBL,SIAVL,1,Glutamate_GJ
2493,RIBL,SIBDL,1,Glutamate_GJ
2494,RIBL,SIBVL,1,Glutamate_GJ
2495,RIBL,SIBVR,1,Glutamate_GJ
2496,RIBL,SMBDL,1,Glutamate_GJ
2497,RIBL,SMDDL,1,Glutamate_GJ
2498,RIBL,SMDVR,2,Glutamate
2499,RIBL,SMDVR,2,Glutamate_GJ
2500,RIBR,AIBL,1,Glutamate
2501,RIBR,AIZR,1,Glutamate
2502,RIBR,AVAR,2,Glutamate
2503,RIBR,AVBL,1,Glutamate_GJ
2504,RIBR,AVBR,1,Glutamate_GJ
2505,RIBR,AVEL,3,Glutamate
2506,RIBR,AVER,1,Glutamate
2507,RIBR,BAGL,1,Glutamate
2508,RIBR,OLQDR,2,Glutamate_GJ
2509,RIBR,OLQVR,1,Glutamate_GJ
2510,RIBR,PVT,1,Glutamate_GJ
2511,RIBR,RIAR,2,Glutamate
2512,RIBR,RIBL,3,Glutamate_GJ
2513,RIBR,RIBR,1,Glutamate_GJ
2514,RIBR,RIGR,1,Glutamate
2515,RIBR,RIGR,1,Glutamate_GJ
2516,RIBR,RIH,1,Glutamate
2517,RIBR,SIADR,1,Glutamate_GJ
2518,RIBR,SIAVR,1,Glutamate_GJ
2519,RIBR,SIBDR,1,Glutamate_GJ
2520,RIBR,SIBVR,1,Glutamate_GJ
2521,RIBR,SMBDR,1,Glutamate_GJ
2522,RIBR,SMDDL,1,Glutamate
2523,RIBR,SMDDL,1,Glutamate_GJ
2524,RIBR,SMDDR,1,Glutamate_GJ
2525,RIBR,SMDVL,2,Glutamate_GJ
2526,RICL,ADAR,1,Octapamine
2527,RICL,ASHL,2,Octapamine_GJ
2528,RICL,AVAL,5,Octapamine
2529,RICL,AVAR,6,Octapamine
2530,RICL,AVKL,1,Octapamine_GJ
2531,RICL,AVKR,1,Octapamine_GJ
2532,RICL,AVKR,1,Octapamine
2533,RICL,AWBR,1,Octapamine_GJ
2534,RICL,RIML,1,Octapamine
2535,RICL,RIMR,3,Octapamine
2536,RICL,RIVR,1,Octapamine
2537,RICL,RMFR,1,Octapamine
2538,RICL,SMBDL,2,Octapamine
2539,RICL,SMDDL,3,Octapamine
2540,RICL,SMDDR,3,Octapamine
2541,RICL,SMDVR,1,Octapamine
2542,RICR,ADAR,1,Octapamine
2543,RICR,ASHR,2,Octapamine_GJ
2544,RICR,AVAL,5,Octapamine
2545,RICR,AVAR,5,Octapamine
2546,RICR,AVKL,1,Octapamine_GJ
2547,RICR,SMBDR,1,Octapamine
2548,RICR,SMDDL,4,Octapamine
2549,RICR,SMDDR,3,Octapamine
2550,RICR,SMDVL,2,Octapamine
2551,RICR,SMDVR,1,Octapamine
2552,RID,ALA,1,GABA
2553,RID,AS2,1,GABA
2554,RID,AVBL,1,GABA_GJ
2555,RID,AVBR,2,GABA_GJ
2556,RID,DA6,3,GABA
2557,RID,DA9,1,GABA_GJ
2558,RID,DB1,1,GABA_GJ
2559,RID,DD1,4,GABA
2560,RID,DD2,4,GABA
2561,RID,DD3,3,GABA
2562,RID,PDB,2,GABA_GJ
2563,RID,VD13,1,GABA
2564,RID,VD5,1,GABA
2565,RIFL,ALML,2,Glutamate
2566,RIFL,AVBL,10,Glutamate
2567,RIFL,AVBR,1,Glutamate
2568,RIFL,AVG,1,Glutamate_GJ
2569,RIFL,AVHR,1,Glutamate
2570,RIFL,AVJR,2,Glutamate
2571,RIFL,PVPL,3,Glutamate
2572,RIFL,RIML,4,Glutamate
2573,RIFL,VD1,1,Glutamate_GJ
2574,RIFR,ASHR,2,Glutamate
2575,RIFR,AVBL,1,Glutamate
2576,RIFR,AVBR,17,Glutamate
2577,RIFR,AVFL,1,Glutamate
2578,RIFR,AVG,1,Glutamate_GJ
2579,RIFR,AVHL,1,Glutamate
2580,RIFR,AVJL,1,Glutamate
2581,RIFR,AVJR,2,Glutamate
2582,RIFR,HSNR,1,Glutamate
2583,RIFR,PVCL,1,Glutamate
2584,RIFR,PVCR,1,Glutamate
2585,RIFR,PVPR,4,Glutamate
2586,RIFR,RIMR,4,Glutamate
2587,RIFR,RIPR,1,Glutamate
2588,RIGL,AIBR,3,FRMFemide_GJ
2589,RIGL,AIZR,1,FRMFemide
2590,RIGL,ALNL,1,FRMFemide
2591,RIGL,AQR,2,FRMFemide_GJ
2592,RIGL,AVEL,1,FRMFemide
2593,RIGL,AVER,1,FRMFemide
2594,RIGL,AVKL,1,FRMFemide_GJ
2595,RIGL,AVKR,2,FRMFemide
2596,RIGL,BAGR,1,FRMFemide_GJ
2597,RIGL,BAGR,1,FRMFemide
2598,RIGL,DVC,1,FRMFemide
2599,RIGL,OLLL,1,FRMFemide_GJ
2600,RIGL,OLQDL,1,FRMFemide_GJ
2601,RIGL,OLQVL,1,FRMFemide_GJ
2602,RIGL,RIBL,1,FRMFemide_GJ
2603,RIGL,RIBL,1,FRMFemide
2604,RIGL,RIGR,3,FRMFemide_GJ
2605,RIGL,RIR,2,FRMFemide
2606,RIGL,RMEL,1,FRMFemide_GJ
2607,RIGL,RMFL,1,FRMFemide
2608,RIGL,RMHR,3,FRMFemide
2609,RIGL,URYDL,1,FRMFemide_GJ
2610,RIGL,URYVL,1,FRMFemide_GJ
2611,RIGL,VB2,1,FRMFemide_GJ
2612,RIGL,VD1,2,FRMFemide_GJ
2613,RIGR,AIBL,3,FRMFemide_GJ
2614,RIGR,ALNR,1,FRMFemide
2615,RIGR,AQR,1,FRMFemide_GJ
2616,RIGR,AVER,2,FRMFemide
2617,RIGR,AVKL,4,FRMFemide
2618,RIGR,AVKR,1,FRMFemide_GJ
2619,RIGR,AVKR,1,FRMFemide
2620,RIGR,BAGL,1,FRMFemide_GJ
2621,RIGR,OLLR,1,FRMFemide_GJ
2622,RIGR,OLQDR,1,FRMFemide_GJ
2623,RIGR,OLQVR,1,FRMFemide_GJ
2624,RIGR,RIBR,1,FRMFemide_GJ
2625,RIGR,RIBR,1,FRMFemide
2626,RIGR,RIGL,3,FRMFemide_GJ
2627,RIGR,RIR,1,FRMFemide
2628,RIGR,RMHL,4,FRMFemide
2629,RIGR,URYDR,1,FRMFemide_GJ
2630,RIGR,URYVR,1,FRMFemide_GJ
2631,RIH,ADFR,1,Serotonin
2632,RIH,AIZL,4,Serotonin
2633,RIH,AIZR,4,Serotonin
2634,RIH,AUAR,1,Serotonin
2635,RIH,BAGR,1,Serotonin
2636,RIH,CEPDL,1,Serotonin_GJ
2637,RIH,CEPDL,1,Serotonin
2638,RIH,CEPDR,1,Serotonin_GJ
2639,RIH,CEPDR,1,Serotonin
2640,RIH,CEPVL,1,Serotonin_GJ
2641,RIH,CEPVL,1,Serotonin
2642,RIH,CEPVR,1,Serotonin_GJ
2643,RIH,CEPVR,1,Serotonin
2644,RIH,FLPL,1,Serotonin_GJ
2645,RIH,IL2L,2,Serotonin
2646,RIH,IL2R,1,Serotonin
2647,RIH,OLQDL,2,Serotonin
2648,RIH,OLQDR,1,Serotonin_GJ
2649,RIH,OLQDR,2,Serotonin
2650,RIH,OLQVL,1,Serotonin
2651,RIH,OLQVR,6,Serotonin
2652,RIH,RIAL,11,Serotonin
2653,RIH,RIAR,8,Serotonin
2654,RIH,RIBL,5,Serotonin
2655,RIH,RIBR,4,Serotonin
2656,RIH,RIPL,5,Serotonin
2657,RIH,RIPR,3,Serotonin
2658,RIH,RMER,2,Serotonin
2659,RIH,RMEV,1,Serotonin
2660,RIH,URYVR,1,Serotonin
2661,RIML,AIBR,1,Acetylcholine_Tyramine_GJ
2662,RIML,AIYL,1,Acetylcholine_Tyramine_GJ
2663,RIML,AVAL,1,Acetylcholine_Tyramine
2664,RIML,AVAR,2,Acetylcholine_Tyramine_GJ
2665,RIML,AVBL,2,Acetylcholine_Tyramine
2666,RIML,AVBR,3,Acetylcholine_Tyramine
2667,RIML,AVEL,2,Acetylcholine_Tyramine_GJ
2668,RIML,AVER,3,Acetylcholine_Tyramine_GJ
2669,RIML,RIBL,1,Acetylcholine_Tyramine
2670,RIML,RIS,1,Acetylcholine_Tyramine_GJ
2671,RIML,RMDL,1,Acetylcholine_Tyramine
2672,RIML,RMDR,1,Acetylcholine_Tyramine
2673,RIML,RMFR,1,Acetylcholine_Tyramine
2674,RIML,SAADR,1,Acetylcholine_Tyramine
2675,RIML,SAAVL,3,Acetylcholine_Tyramine
2676,RIML,SAAVR,2,Acetylcholine_Tyramine
2677,RIML,SMDDR,5,Acetylcholine_Tyramine
2678,RIML,SMDVL,1,Acetylcholine_Tyramine
2679,RIMR,ADAR,1,Acetylcholine_Tyramine
2680,RIMR,AIBL,1,Acetylcholine_Tyramine_GJ
2681,RIMR,AIBL,4,Acetylcholine_Tyramine
2682,RIMR,AIYR,1,Acetylcholine_Tyramine_GJ
2683,RIMR,AVAL,2,Acetylcholine_Tyramine
2684,RIMR,AVAL,3,Acetylcholine_Tyramine_GJ
2685,RIMR,AVAR,1,Acetylcholine_Tyramine_GJ
2686,RIMR,AVBL,2,Acetylcholine_Tyramine
2687,RIMR,AVBR,5,Acetylcholine_Tyramine
2688,RIMR,AVEL,3,Acetylcholine_Tyramine_GJ
2689,RIMR,AVER,2,Acetylcholine_Tyramine_GJ
2690,RIMR,AVJL,1,Acetylcholine_Tyramine
2691,RIMR,AVKL,1,Acetylcholine_Tyramine
2692,RIMR,RIBR,1,Acetylcholine_Tyramine
2693,RIMR,RIS,1,Acetylcholine_Tyramine
2694,RIMR,RIS,1,Acetylcholine_Tyramine_GJ
2695,RIMR,RMDL,3,Acetylcholine_Tyramine
2696,RIMR,RMDR,1,Acetylcholine_Tyramine
2697,RIMR,RMFL,1,Acetylcholine_Tyramine
2698,RIMR,RMFR,1,Acetylcholine_Tyramine
2699,RIMR,SAAVL,3,Acetylcholine_Tyramine
2700,RIMR,SAAVR,3,Acetylcholine_Tyramine
2701,RIMR,SMDDL,2,Acetylcholine_Tyramine
2702,RIMR,SMDDR,4,Acetylcholine_Tyramine
2703,RIPL,OLQDL,1,Serotonin
2704,RIPL,OLQDR,1,Serotonin
2705,RIPL,RMED,1,Serotonin_GJ
2706,RIPR,OLQDL,1,Serotonin
2707,RIPR,OLQDR,1,Serotonin
2708,RIPR,RMED,1,Serotonin_GJ
2709,RIR,AFDR,1,Serotonin
2710,RIR,AIZL,3,Serotonin
2711,RIR,AIZR,5,Serotonin
2712,RIR,AUAL,1,Serotonin
2713,RIR,AWBR,1,Serotonin
2714,RIR,BAGL,1,Serotonin_GJ
2715,RIR,BAGR,1,Serotonin_GJ
2716,RIR,BAGR,1,Serotonin
2717,RIR,DVA,2,Serotonin
2718,RIR,HSNL,1,Serotonin
2719,RIR,PVPL,1,Serotonin
2720,RIR,RIAL,5,Serotonin
2721,RIR,RIAR,1,Serotonin
2722,RIR,RIGL,1,Serotonin
2723,RIR,URXL,5,Serotonin
2724,RIR,URXR,1,Serotonin
2725,RIS,AIBR,1,GABA_GJ
2726,RIS,AVEL,7,GABA
2727,RIS,AVER,7,GABA
2728,RIS,AVJL,1,GABA_GJ
2729,RIS,AVKL,1,GABA
2730,RIS,AVKR,4,GABA
2731,RIS,AVL,2,GABA
2732,RIS,CEPDR,1,GABA
2733,RIS,CEPVL,2,GABA
2734,RIS,CEPVR,1,GABA
2735,RIS,DB1,1,GABA_GJ
2736,RIS,OLLR,1,GABA
2737,RIS,RIBL,3,GABA
2738,RIS,RIBR,5,GABA
2739,RIS,RIML,1,GABA_GJ
2740,RIS,RIML,1,GABA
2741,RIS,RIMR,1,GABA_GJ
2742,RIS,RIMR,4,GABA
2743,RIS,RMDDL,1,GABA
2744,RIS,RMDL,2,GABA
2745,RIS,RMDR,4,GABA
2746,RIS,SMDDL,1,GABA_GJ
2747,RIS,SMDDR,1,GABA_GJ
2748,RIS,SMDDR,2,GABA
2749,RIS,SMDVL,1,GABA_GJ
2750,RIS,SMDVR,1,GABA
2751,RIS,URYVR,1,GABA
2752,RIVL,AIBL,1,GABA_GJ
2753,RIVL,RIAL,1,GABA
2754,RIVL,RIAR,1,GABA
2755,RIVL,RIVR,2,GABA_GJ
2756,RIVL,RMDL,2,GABA
2757,RIVL,SAADR,3,GABA
2758,RIVL,SDQR,2,GABA_GJ
2759,RIVL,SIAVR,2,GABA
2760,RIVL,SMDDR,1,GABA
2761,RIVL,SMDVL,1,GABA_GJ
2762,RIVR,AIBR,1,GABA_GJ
2763,RIVR,RIAL,2,GABA
2764,RIVR,RIAR,1,GABA
2765,RIVR,RIVL,2,GABA_GJ
2766,RIVR,RMDDL,1,GABA
2767,RIVR,RMDR,1,GABA
2768,RIVR,RMDVR,1,GABA
2769,RIVR,RMEV,1,GABA
2770,RIVR,SAADL,2,GABA
2771,RIVR,SDQR,2,GABA_GJ
2772,RIVR,SIAVL,2,GABA
2773,RIVR,SMDDL,2,GABA
2774,RIVR,SMDVR,2,GABA
2775,RIVR,SMDVR,2,GABA_GJ
2776,RMDDL,OLQVL,1,Acetylcholine_GJ
2777,RMDDL,RMDL,1,Acetylcholine_GJ
2778,RMDDL,RMDVL,1,Acetylcholine_GJ
2779,RMDDL,RMDVR,7,Acetylcholine
2780,RMDDL,SMDDL,1,Acetylcholine_GJ
2781,RMDDR,OLQVR,1,Acetylcholine_GJ
2782,RMDDR,RMDVL,12,Acetylcholine
2783,RMDDR,RMDVR,1,Acetylcholine_GJ
2784,RMDDR,SAADR,1,Acetylcholine_GJ
2785,RMDDR,SMDDR,1,Acetylcholine_GJ
2786,RMDDR,URYDL,1,Acetylcholine
2787,RMDL,OLLR,2,Acetylcholine
2788,RMDL,RIAL,4,Acetylcholine
2789,RMDL,RIAR,3,Acetylcholine
2790,RMDL,RMDDL,1,Acetylcholine_GJ
2791,RMDL,RMDDR,1,Acetylcholine
2792,RMDL,RMDR,3,Acetylcholine
2793,RMDL,RMDVL,1,Acetylcholine_GJ
2794,RMDL,RMER,1,Acetylcholine
2795,RMDL,RMFL,1,Acetylcholine
2796,RMDR,AVKL,1,Acetylcholine
2797,RMDR,RIAL,3,Acetylcholine
2798,RMDR,RIAR,7,Acetylcholine
2799,RMDR,RIMR,2,Acetylcholine
2800,RMDR,RIS,1,Acetylcholine
2801,RMDR,RMDDL,1,Acetylcholine
2802,RMDR,RMDL,1,Acetylcholine
2803,RMDR,RMDVR,1,Acetylcholine_GJ
2804,RMDVL,AVER,1,Acetylcholine_GJ
2805,RMDVL,OLQDL,1,Acetylcholine_GJ
2806,RMDVL,RMDDL,1,Acetylcholine_GJ
2807,RMDVL,RMDDR,6,Acetylcholine
2808,RMDVL,RMDL,1,Acetylcholine_GJ
2809,RMDVL,RMDVR,1,Acetylcholine_GJ
2810,RMDVL,SAAVL,1,Acetylcholine_GJ
2811,RMDVL,SMDVL,1,Acetylcholine_GJ
2812,RMDVR,AVEL,1,Acetylcholine_GJ
2813,RMDVR,AVER,1,Acetylcholine_GJ
2814,RMDVR,OLQDR,1,Acetylcholine_GJ
2815,RMDVR,RMDDL,4,Acetylcholine
2816,RMDVR,RMDDR,1,Acetylcholine_GJ
2817,RMDVR,RMDR,1,Acetylcholine_GJ
2818,RMDVR,RMDVL,1,Acetylcholine_GJ
2819,RMDVR,SAAVR,1,Acetylcholine_GJ
2820,RMDVR,SIBDR,1,Acetylcholine
2821,RMDVR,SIBVR,1,Acetylcholine
2822,RMDVR,SMDVR,1,Acetylcholine_GJ
2823,RMED,IL1VL,1,GABA_GJ
2824,RMED,RIBL,1,GABA
2825,RMED,RIBR,1,GABA
2826,RMED,RIPL,1,GABA_GJ
2827,RMED,RIPR,1,GABA_GJ
2828,RMED,RMEV,2,GABA_GJ
2829,RMEL,RIGL,1,GABA_GJ
2830,RMEL,RMEV,1,GABA_GJ
2831,RMER,RMEV,1,GABA_GJ
2832,RMEV,AVEL,1,GABA_GJ
2833,RMEV,AVER,1,GABA_GJ
2834,RMEV,IL1DL,1,GABA_GJ
2835,RMEV,IL1DR,1,GABA_GJ
2836,RMEV,RMED,2,GABA_GJ
2837,RMEV,RMEL,1,GABA_GJ
2838,RMEV,RMER,1,GABA_GJ
2839,RMEV,SMDDR,1,GABA
2840,RMFL,AVKL,4,Glutamate
2841,RMFL,AVKR,4,Glutamate
2842,RMFL,PVT,1,Glutamate
2843,RMFL,RIGR,1,Glutamate
2844,RMFL,RMDR,3,Glutamate
2845,RMFL,RMGR,1,Glutamate
2846,RMFL,URBR,1,Glutamate_GJ
2847,RMFR,AVKL,3,Glutamate
2848,RMFR,AVKR,3,Glutamate
2849,RMFR,RMDL,2,Glutamate
2850,RMGL,ADAL,1,FRMFemide
2851,RMGL,ADLL,1,FRMFemide_GJ
2852,RMGL,AIBR,1,FRMFemide
2853,RMGL,ALML,1,FRMFemide
2854,RMGL,ALNL,1,FRMFemide
2855,RMGL,ASHL,1,FRMFemide_GJ
2856,RMGL,ASHL,1,FRMFemide
2857,RMGL,ASKL,1,FRMFemide_GJ
2858,RMGL,AVAL,1,FRMFemide
2859,RMGL,AVBR,2,FRMFemide
2860,RMGL,AVEL,2,FRMFemide
2861,RMGL,AWBL,1,FRMFemide_GJ
2862,RMGL,CEPDL,1,FRMFemide
2863,RMGL,IL2L,1,FRMFemide_GJ
2864,RMGL,RID,1,FRMFemide
2865,RMGL,RMDL,1,FRMFemide
2866,RMGL,RMDR,3,FRMFemide
2867,RMGL,RMDVL,3,FRMFemide
2868,RMGL,RMHL,3,FRMFemide_GJ
2869,RMGL,RMHR,1,FRMFemide
2870,RMGL,SIAVL,1,FRMFemide
2871,RMGL,SIBVL,2,FRMFemide
2872,RMGL,SIBVR,1,FRMFemide
2873,RMGL,SMBVL,1,FRMFemide
2874,RMGL,URXL,1,FRMFemide
2875,RMGL,URXL,1,FRMFemide_GJ
2876,RMGR,ADAR,1,FRMFemide
2877,RMGR,AIMR,1,FRMFemide
2878,RMGR,ALNR,1,FRMFemide
2879,RMGR,ASHR,1,FRMFemide_GJ
2880,RMGR,ASHR,1,FRMFemide
2881,RMGR,ASKR,1,FRMFemide_GJ
2882,RMGR,AVAR,1,FRMFemide
2883,RMGR,AVBR,1,FRMFemide
2884,RMGR,AVDL,1,FRMFemide
2885,RMGR,AVER,3,FRMFemide
2886,RMGR,AVJL,1,FRMFemide
2887,RMGR,AWBR,1,FRMFemide_GJ
2888,RMGR,IL2R,1,FRMFemide_GJ
2889,RMGR,RIR,1,FRMFemide
2890,RMGR,RMDL,4,FRMFemide
2891,RMGR,RMDR,2,FRMFemide
2892,RMGR,RMDVR,5,FRMFemide
2893,RMGR,RMHR,1,FRMFemide_GJ
2894,RMGR,URXR,1,FRMFemide
2895,RMGR,URXR,1,FRMFemide_GJ
2896,RMHL,RMDR,1,Glutamate
2897,RMHL,RMGL,3,Glutamate_GJ
2898,RMHL,SIBVR,1,Glutamate_GJ
2899,RMHR,RMER,1,Glutamate
2900,RMHR,RMGL,1,Glutamate
2901,RMHR,RMGR,1,Glutamate_GJ
2902,SAADL,AIBL,1,Acetylcholine
2903,SAADL,AVAL,6,Acetylcholine
2904,SAADL,RIML,3,Acetylcholine
2905,SAADL,RIMR,6,Acetylcholine
2906,SAADL,RMGR,1,Acetylcholine
2907,SAADL,SMBDL,1,Acetylcholine_GJ
2908,SAADR,AIBR,1,Acetylcholine
2909,SAADR,AVAR,3,Acetylcholine
2910,SAADR,OLLL,1,Acetylcholine
2911,SAADR,RIML,4,Acetylcholine
2912,SAADR,RIMR,5,Acetylcholine
2913,SAADR,RMDDR,1,Acetylcholine_GJ
2914,SAADR,RMFL,1,Acetylcholine
2915,SAADR,RMGL,1,Acetylcholine
2916,SAAVL,AIBL,1,Acetylcholine
2917,SAAVL,ALNL,1,Acetylcholine
2918,SAAVL,AVAL,17,Acetylcholine
2919,SAAVL,OLLR,1,Acetylcholine
2920,SAAVL,RIML,2,Acetylcholine
2921,SAAVL,RIMR,12,Acetylcholine
2922,SAAVL,RMDVL,1,Acetylcholine_GJ
2923,SAAVL,RMFR,2,Acetylcholine
2924,SAAVL,SMBVR,3,Acetylcholine_GJ
2925,SAAVL,SMDDR,8,Acetylcholine
2926,SAAVR,AVAR,13,Acetylcholine
2927,SAAVR,RIML,5,Acetylcholine
2928,SAAVR,RIMR,2,Acetylcholine
2929,SAAVR,RMDVR,1,Acetylcholine_GJ
2930,SAAVR,SMBVL,2,Acetylcholine_GJ
2931,SAAVR,SMDDL,6,Acetylcholine
2932,SABD,AVAL,4,Acetylcholine_GJ
2933,SABD,VA2,1,Acetylcholine
2934,SABD,VA2,3,Acetylcholine_GJ
2935,SABD,VA3,2,Acetylcholine_GJ
2936,SABD,VA4,1,Acetylcholine_GJ
2937,SABVL,AVAR,3,Acetylcholine_GJ
2938,SABVL,DA1,2,Acetylcholine_GJ
2939,SABVL,DA2,1,Acetylcholine_GJ
2940,SABVR,AVAL,1,Acetylcholine_GJ
2941,SABVR,AVAR,1,Acetylcholine_GJ
2942,SABVR,DA1,3,Acetylcholine_GJ
2943,SDQL,AIBR,1,Acetylcholine
2944,SDQL,ALML,1,Acetylcholine
2945,SDQL,AVAL,1,Acetylcholine
2946,SDQL,AVAR,3,Acetylcholine
2947,SDQL,AVEL,1,Acetylcholine
2948,SDQL,FLPL,1,Acetylcholine
2949,SDQL,RICR,1,Acetylcholine
2950,SDQL,RIS,3,Acetylcholine
2951,SDQL,RMFL,1,Acetylcholine
2952,SDQL,SDQR,1,Acetylcholine_GJ
2953,SDQR,ADLL,1,Acetylcholine
2954,SDQR,AIBL,2,Acetylcholine
2955,SDQR,AVAL,1,Acetylcholine_GJ
2956,SDQR,AVAL,2,Acetylcholine
2957,SDQR,AVBL,1,Acetylcholine_GJ
2958,SDQR,AVBL,6,Acetylcholine
2959,SDQR,AVBR,4,Acetylcholine
2960,SDQR,DVA,3,Acetylcholine
2961,SDQR,RICR,1,Acetylcholine
2962,SDQR,RIVL,2,Acetylcholine_GJ
2963,SDQR,RIVR,2,Acetylcholine_GJ
2964,SDQR,RMHL,2,Acetylcholine
2965,SDQR,RMHR,1,Acetylcholine
2966,SDQR,SDQL,1,Acetylcholine_GJ
2967,SDQR,SIBVL,1,Acetylcholine_GJ
2968,SIADL,RIBL,1,Acetylcholine_GJ
2969,SIADR,RIBR,1,Acetylcholine_GJ
2970,SIAVL,RIBL,1,Acetylcholine_GJ
2971,SIAVR,RIBR,1,Acetylcholine_GJ
2972,SIBDL,RIBL,1,Acetylcholine_GJ
2973,SIBDL,SIBVL,1,Acetylcholine_GJ
2974,SIBDR,AIML,1,Acetylcholine_GJ
2975,SIBDR,RIBR,1,Acetylcholine_GJ
2976,SIBDR,SIBVR,1,Acetylcholine_GJ
2977,SIBVL,AVBL,1,Acetylcholine_GJ
2978,SIBVL,AVBR,1,Acetylcholine_GJ
2979,SIBVL,RIBL,1,Acetylcholine_GJ
2980,SIBVL,SDQR,1,Acetylcholine_GJ
2981,SIBVL,SIBDL,1,Acetylcholine_GJ
2982,SIBVR,RIBL,1,Acetylcholine_GJ
2983,SIBVR,RIBR,1,Acetylcholine_GJ
2984,SIBVR,RMHL,1,Acetylcholine_GJ
2985,SIBVR,SIBDR,1,Acetylcholine_GJ
2986,SMBDL,AVAR,1,Acetylcholine
2987,SMBDL,AVKL,1,Acetylcholine_GJ
2988,SMBDL,AVKR,1,Acetylcholine_GJ
2989,SMBDL,RIBL,1,Acetylcholine_GJ
2990,SMBDL,RMED,3,Acetylcholine
2991,SMBDL,SAADL,1,Acetylcholine_GJ
2992,SMBDL,SAAVR,1,Acetylcholine
2993,SMBDR,ALNL,1,Acetylcholine_GJ
2994,SMBDR,AVAL,1,Acetylcholine
2995,SMBDR,AVKL,1,Acetylcholine_GJ
2996,SMBDR,AVKR,2,Acetylcholine_GJ
2997,SMBDR,RIBR,1,Acetylcholine_GJ
2998,SMBDR,RMED,4,Acetylcholine
2999,SMBDR,SAAVL,3,Acetylcholine
3000,SMBVL,PLNL,1,Acetylcholine
3001,SMBVL,RMEV,5,Acetylcholine
3002,SMBVL,SAADL,3,Acetylcholine
3003,SMBVL,SAAVR,2,Acetylcholine_GJ
3004,SMBVR,AVKL,1,Acetylcholine_GJ
3005,SMBVR,AVKR,1,Acetylcholine_GJ
3006,SMBVR,RMEV,3,Acetylcholine
3007,SMBVR,SAADR,4,Acetylcholine
3008,SMBVR,SAAVL,3,Acetylcholine_GJ
3009,SMDDL,RIAL,1,Acetylcholine
3010,SMDDL,RIAR,1,Acetylcholine
3011,SMDDL,RIBL,1,Acetylcholine_GJ
3012,SMDDL,RIBR,1,Acetylcholine_GJ
3013,SMDDL,RIS,1,Acetylcholine_GJ
3014,SMDDL,RMDDL,1,Acetylcholine_GJ
3015,SMDDL,SMDVR,2,Acetylcholine
3016,SMDDR,RIAL,2,Acetylcholine
3017,SMDDR,RIAR,1,Acetylcholine
3018,SMDDR,RIBR,1,Acetylcholine_GJ
3019,SMDDR,RIS,1,Acetylcholine_GJ
3020,SMDDR,RMDDR,1,Acetylcholine_GJ
3021,SMDDR,VD1,1,Acetylcholine_GJ
3022,SMDVL,PVR,1,Acetylcholine
3023,SMDVL,RIAL,3,Acetylcholine
3024,SMDVL,RIAR,8,Acetylcholine
3025,SMDVL,RIBR,2,Acetylcholine_GJ
3026,SMDVL,RIS,1,Acetylcholine_GJ
3027,SMDVL,RIVL,1,Acetylcholine_GJ
3028,SMDVL,RIVL,1,Acetylcholine
3029,SMDVL,RMDDR,1,Acetylcholine
3030,SMDVL,RMDVL,1,Acetylcholine_GJ
3031,SMDVL,SMDDR,4,Acetylcholine
3032,SMDVL,SMDVR,1,Acetylcholine_GJ
3033,SMDVR,RIAL,7,Acetylcholine
3034,SMDVR,RIAR,5,Acetylcholine
3035,SMDVR,RIBL,2,Acetylcholine_GJ
3036,SMDVR,RIVR,1,Acetylcholine
3037,SMDVR,RIVR,2,Acetylcholine_GJ
3038,SMDVR,RMDDL,1,Acetylcholine
3039,SMDVR,RMDVR,1,Acetylcholine_GJ
3040,SMDVR,SMDDL,2,Acetylcholine
3041,SMDVR,SMDVL,1,Acetylcholine_GJ
3042,SMDVR,VB1,1,Acetylcholine_GJ
3043,URADL,IL1DL,2,Acetylcholine
3044,URADL,RIPL,3,Acetylcholine
3045,URADL,RMEL,1,Acetylcholine
3046,URADR,IL1DR,1,Acetylcholine
3047,URADR,RIPR,3,Acetylcholine
3048,URADR,RMDVR,1,Acetylcholine
3049,URADR,RMED,1,Acetylcholine
3050,URADR,RMER,1,Acetylcholine
3051,URADR,URYDR,1,Acetylcholine
3052,URAVL,RIPL,3,Acetylcholine
3053,URAVL,RMEL,1,Acetylcholine
3054,URAVL,RMER,1,Acetylcholine
3055,URAVL,RMEV,2,Acetylcholine
3056,URAVR,IL1R,1,Acetylcholine
3057,URAVR,RIPR,3,Acetylcholine
3058,URAVR,RMDVL,1,Acetylcholine
3059,URAVR,RMER,2,Acetylcholine
3060,URAVR,RMEV,2,Acetylcholine
3061,URBL,AVBL,1,Acetylcholine
3062,URBL,CEPDL,1,Acetylcholine
3063,URBL,IL1L,1,Acetylcholine
3064,URBL,OLQDL,1,Acetylcholine_GJ
3065,URBL,OLQVL,1,Acetylcholine_GJ
3066,URBL,RICR,1,Acetylcholine
3067,URBL,RMDDR,1,Acetylcholine
3068,URBL,SIAVL,1,Acetylcholine
3069,URBL,SMBDR,1,Acetylcholine
3070,URBL,URXL,2,Acetylcholine
3071,URBR,ADAR,1,Acetylcholine
3072,URBR,AVBR,1,Acetylcholine
3073,URBR,CEPDR,1,Acetylcholine
3074,URBR,IL1R,3,Acetylcholine
3075,URBR,IL2R,1,Acetylcholine
3076,URBR,OLQDR,1,Acetylcholine_GJ
3077,URBR,OLQVR,1,Acetylcholine_GJ
3078,URBR,RICR,1,Acetylcholine
3079,URBR,RMDL,1,Acetylcholine
3080,URBR,RMDR,1,Acetylcholine
3081,URBR,RMFL,1,Acetylcholine_GJ
3082,URBR,SIAVR,2,Acetylcholine
3083,URBR,SMBDL,1,Acetylcholine
3084,URBR,URXR,6,Acetylcholine
3085,URXL,ASHL,1,Glutamate
3086,URXL,AUAL,5,Glutamate
3087,URXL,AVBL,1,Glutamate
3088,URXL,AVEL,4,Glutamate
3089,URXL,AVJR,1,Glutamate
3090,URXL,RIAL,8,Glutamate
3091,URXL,RICL,1,Glutamate
3092,URXL,RIGL,3,Glutamate
3093,URXL,RMGL,1,Glutamate_GJ
3094,URXL,RMGL,2,Glutamate
3095,URXR,AUAR,4,Glutamate
3096,URXR,AVBL,1,Glutamate
3097,URXR,AVBR,2,Glutamate
3098,URXR,AVER,2,Glutamate
3099,URXR,IL2R,1,Glutamate_GJ
3100,URXR,OLQVR,1,Glutamate
3101,URXR,RIAR,3,Glutamate
3102,URXR,RIGR,2,Glutamate
3103,URXR,RIPR,3,Glutamate
3104,URXR,RMDR,1,Glutamate
3105,URXR,RMGR,1,Glutamate_GJ
3106,URXR,RMGR,1,Glutamate
3107,URXR,SIAVR,1,Glutamate
3108,URYDL,AVAL,1,Glutamate_GJ
3109,URYDL,AVER,2,Glutamate
3110,URYDL,RIBL,1,Glutamate
3111,URYDL,RIGL,1,Glutamate_GJ
3112,URYDL,RMDDR,4,Glutamate
3113,URYDL,RMDVL,6,Glutamate
3114,URYDL,SMDDL,1,Glutamate
3115,URYDL,SMDDR,1,Glutamate
3116,URYDR,AVAR,1,Glutamate_GJ
3117,URYDR,AVEL,2,Glutamate
3118,URYDR,AVER,2,Glutamate
3119,URYDR,RIBR,1,Glutamate
3120,URYDR,RIGR,1,Glutamate_GJ
3121,URYDR,RMDDL,3,Glutamate
3122,URYDR,RMDVR,5,Glutamate
3123,URYDR,SMDDL,4,Glutamate
3124,URYVL,AVAR,1,Glutamate_GJ
3125,URYVL,AVBR,1,Glutamate
3126,URYVL,AVER,5,Glutamate
3127,URYVL,IL1VL,1,Glutamate
3128,URYVL,RIAL,1,Glutamate
3129,URYVL,RIBL,2,Glutamate
3130,URYVL,RIGL,1,Glutamate_GJ
3131,URYVL,RIH,1,Glutamate
3132,URYVL,RIS,1,Glutamate
3133,URYVL,RMDDL,4,Glutamate
3134,URYVL,RMDVR,2,Glutamate
3135,URYVL,SIBVR,1,Glutamate
3136,URYVL,SMDVR,4,Glutamate
3137,URYVR,AVAL,1,Glutamate_GJ
3138,URYVR,AVAL,1,Glutamate
3139,URYVR,AVEL,6,Glutamate
3140,URYVR,IL1VR,1,Glutamate
3141,URYVR,RIAR,1,Glutamate
3142,URYVR,RIBR,1,Glutamate
3143,URYVR,RIGR,1,Glutamate_GJ
3144,URYVR,RMDDR,6,Glutamate
3145,URYVR,RMDVL,4,Glutamate
3146,URYVR,SIBDR,1,Glutamate
3147,URYVR,SIBVL,1,Glutamate
3148,URYVR,SMDVL,3,Glutamate
3149,VA1,AVAL,3,Acetylcholine_GJ
3150,VA1,DA2,2,Acetylcholine_GJ
3151,VA1,DD1,9,Acetylcholine
3152,VA1,VD1,2,Acetylcholine
3153,VA10,AVAL,1,Acetylcholine_GJ
3154,VA10,AVAR,1,Acetylcholine_GJ
3155,VA11,AVAL,1,Acetylcholine_GJ
3156,VA11,AVAR,7,Acetylcholine_GJ
3157,VA11,DD6,10,Acetylcholine
3158,VA11,PVNR,2,Acetylcholine
3159,VA11,VB10,1,Acetylcholine
3160,VA11,VD12,4,Acetylcholine
3161,VA12,AS11,2,Acetylcholine
3162,VA12,AVAR,1,Acetylcholine_GJ
3163,VA12,DA8,3,Acetylcholine
3164,VA12,DA9,5,Acetylcholine
3165,VA12,DB7,4,Acetylcholine
3166,VA12,DD6,2,Acetylcholine
3167,VA12,LUAL,2,Acetylcholine
3168,VA12,PHCL,1,Acetylcholine_GJ
3169,VA12,PHCR,1,Acetylcholine_GJ
3170,VA12,PVCL,2,Acetylcholine
3171,VA12,PVCR,3,Acetylcholine
3172,VA12,VA11,1,Acetylcholine
3173,VA12,VB11,1,Acetylcholine_GJ
3174,VA12,VD12,3,Acetylcholine
3175,VA12,VD13,11,Acetylcholine
3176,VA2,AVAL,1,Acetylcholine
3177,VA2,AVAL,4,Acetylcholine_GJ
3178,VA2,DD1,13,Acetylcholine
3179,VA2,SABD,3,Acetylcholine_GJ
3180,VA2,VA3,2,Acetylcholine
3181,VA2,VB1,2,Acetylcholine
3182,VA2,VD1,1,Acetylcholine_GJ
3183,VA2,VD1,2,Acetylcholine
3184,VA2,VD2,3,Acetylcholine_GJ
3185,VA2,VD2,8,Acetylcholine
3186,VA3,AS1,1,Acetylcholine_GJ
3187,VA3,AVAL,1,Acetylcholine_GJ
3188,VA3,AVAR,2,Acetylcholine_GJ
3189,VA3,DD1,18,Acetylcholine
3190,VA3,DD2,11,Acetylcholine
3191,VA3,SABD,2,Acetylcholine_GJ
3192,VA3,VA4,1,Acetylcholine
3193,VA3,VD2,3,Acetylcholine
3194,VA3,VD3,3,Acetylcholine
3195,VA4,AS2,2,Acetylcholine_GJ
3196,VA4,AVAL,1,Acetylcholine_GJ
3197,VA4,AVAR,3,Acetylcholine_GJ
3198,VA4,AVDL,1,Acetylcholine
3199,VA4,DA5,1,Acetylcholine_GJ
3200,VA4,DD2,21,Acetylcholine
3201,VA4,SABD,1,Acetylcholine_GJ
3202,VA4,VB3,2,Acetylcholine
3203,VA4,VD4,3,Acetylcholine
3204,VA5,AS3,2,Acetylcholine_GJ
3205,VA5,AVAL,5,Acetylcholine_GJ
3206,VA5,AVAR,3,Acetylcholine_GJ
3207,VA5,DA5,2,Acetylcholine_GJ
3208,VA5,DD2,5,Acetylcholine
3209,VA5,DD3,13,Acetylcholine
3210,VA5,VD5,2,Acetylcholine
3211,VA6,AVAL,6,Acetylcholine_GJ
3212,VA6,AVAR,2,Acetylcholine_GJ
3213,VA6,DD3,24,Acetylcholine
3214,VA6,VB5,2,Acetylcholine
3215,VA6,VD5,1,Acetylcholine
3216,VA6,VD6,2,Acetylcholine
3217,VA7,AS5,1,Acetylcholine_GJ
3218,VA7,AVAL,2,Acetylcholine_GJ
3219,VA7,AVAR,4,Acetylcholine_GJ
3220,VA7,DD3,3,Acetylcholine
3221,VA7,DD4,12,Acetylcholine
3222,VA7,VB3,1,Acetylcholine_GJ
3223,VA7,VD7,9,Acetylcholine
3224,VA8,AS6,1,Acetylcholine_GJ
3225,VA8,AVAL,10,Acetylcholine_GJ
3226,VA8,AVAR,4,Acetylcholine_GJ
3227,VA8,AVBR,1,Acetylcholine_GJ
3228,VA8,DD4,21,Acetylcholine
3229,VA8,PDER,1,Acetylcholine_GJ
3230,VA8,PVCR,2,Acetylcholine_GJ
3231,VA8,VA8,1,Acetylcholine_GJ
3232,VA8,VA9,1,Acetylcholine
3233,VA8,VB6,1,Acetylcholine
3234,VA8,VB8,1,Acetylcholine
3235,VA8,VB8,3,Acetylcholine_GJ
3236,VA8,VB9,3,Acetylcholine_GJ
3237,VA8,VD7,5,Acetylcholine
3238,VA8,VD8,1,Acetylcholine_GJ
3239,VA8,VD8,5,Acetylcholine
3240,VA9,AVAL,1,Acetylcholine_GJ
3241,VA9,AVBR,1,Acetylcholine_GJ
3242,VA9,DD4,3,Acetylcholine
3243,VA9,DD5,15,Acetylcholine
3244,VA9,DVB,1,Acetylcholine_GJ
3245,VA9,DVC,1,Acetylcholine_GJ
3246,VA9,PVCR,1,Acetylcholine_GJ
3247,VA9,PVT,1,Acetylcholine
3248,VA9,VB8,1,Acetylcholine_GJ
3249,VA9,VB8,6,Acetylcholine
3250,VA9,VB9,4,Acetylcholine_GJ
3251,VA9,VD7,1,Acetylcholine_GJ
3252,VA9,VD9,10,Acetylcholine
3253,VB1,AIBR,1,Acetylcholine
3254,VB1,AVBL,1,Acetylcholine_GJ
3255,VB1,AVKL,4,Acetylcholine_GJ
3256,VB1,DB2,2,Acetylcholine_GJ
3257,VB1,DD1,1,Acetylcholine
3258,VB1,DVA,1,Acetylcholine
3259,VB1,RIML,2,Acetylcholine
3260,VB1,RMFL,2,Acetylcholine
3261,VB1,SAADL,9,Acetylcholine
3262,VB1,SAADR,2,Acetylcholine
3263,VB1,SABD,1,Acetylcholine
3264,VB1,SMDVR,1,Acetylcholine_GJ
3265,VB1,VA1,3,Acetylcholine
3266,VB1,VA3,1,Acetylcholine
3267,VB1,VB2,4,Acetylcholine_GJ
3268,VB1,VD1,3,Acetylcholine
3269,VB1,VD2,1,Acetylcholine
3270,VB10,AVBL,2,Acetylcholine_GJ
3271,VB10,AVBR,1,Acetylcholine_GJ
3272,VB10,AVKL,1,Acetylcholine_GJ
3273,VB10,DD6,9,Acetylcholine
3274,VB10,PVCL,1,Acetylcholine
3275,VB10,PVT,1,Acetylcholine
3276,VB10,VD11,1,Acetylcholine
3277,VB10,VD12,2,Acetylcholine
3278,VB11,AVBL,2,Acetylcholine_GJ
3279,VB11,AVBR,1,Acetylcholine_GJ
3280,VB11,DD6,7,Acetylcholine
3281,VB11,PVCR,1,Acetylcholine
3282,VB11,VA12,1,Acetylcholine_GJ
3283,VB11,VA12,1,Acetylcholine
3284,VB2,AVBL,3,Acetylcholine_GJ
3285,VB2,AVBR,1,Acetylcholine_GJ
3286,VB2,DB4,1,Acetylcholine_GJ
3287,VB2,DD1,20,Acetylcholine
3288,VB2,DD2,1,Acetylcholine
3289,VB2,RIGL,1,Acetylcholine_GJ
3290,VB2,VA2,1,Acetylcholine
3291,VB2,VB1,4,Acetylcholine_GJ
3292,VB2,VB3,1,Acetylcholine_GJ
3293,VB2,VB5,1,Acetylcholine_GJ
3294,VB2,VB7,2,Acetylcholine_GJ
3295,VB2,VC2,1,Acetylcholine
3296,VB2,VD2,9,Acetylcholine
3297,VB2,VD3,3,Acetylcholine
3298,VB3,AVBR,1,Acetylcholine_GJ
3299,VB3,DB1,1,Acetylcholine_GJ
3300,VB3,DD2,37,Acetylcholine
3301,VB3,VA4,1,Acetylcholine
3302,VB3,VA7,1,Acetylcholine_GJ
3303,VB3,VB2,1,Acetylcholine_GJ
3304,VB4,AVBL,1,Acetylcholine_GJ
3305,VB4,AVBR,1,Acetylcholine_GJ
3306,VB4,DB1,1,Acetylcholine_GJ
3307,VB4,DB4,1,Acetylcholine_GJ
3308,VB4,DD2,6,Acetylcholine
3309,VB4,DD3,16,Acetylcholine
3310,VB4,VB5,1,Acetylcholine_GJ
3311,VB5,AVBL,1,Acetylcholine_GJ
3312,VB5,DD3,27,Acetylcholine
3313,VB5,VB2,1,Acetylcholine_GJ
3314,VB5,VB4,1,Acetylcholine_GJ
3315,VB5,VB6,1,Acetylcholine_GJ
3316,VB5,VD6,7,Acetylcholine
3317,VB6,AVBL,1,Acetylcholine_GJ
3318,VB6,AVBR,2,Acetylcholine_GJ
3319,VB6,DA4,1,Acetylcholine_GJ
3320,VB6,DD4,30,Acetylcholine
3321,VB6,VA8,1,Acetylcholine
3322,VB6,VB5,1,Acetylcholine_GJ
3323,VB6,VB7,1,Acetylcholine
3324,VB6,VD6,1,Acetylcholine
3325,VB6,VD7,8,Acetylcholine
3326,VB7,AVBL,2,Acetylcholine_GJ
3327,VB7,AVBR,2,Acetylcholine_GJ
3328,VB7,DD4,2,Acetylcholine
3329,VB7,VB2,2,Acetylcholine_GJ
3330,VB8,AVBL,7,Acetylcholine_GJ
3331,VB8,AVBR,3,Acetylcholine_GJ
3332,VB8,DD5,30,Acetylcholine
3333,VB8,VA8,3,Acetylcholine_GJ
3334,VB8,VA9,1,Acetylcholine_GJ
3335,VB8,VA9,9,Acetylcholine
3336,VB8,VB9,3,Acetylcholine
3337,VB8,VB9,3,Acetylcholine_GJ
3338,VB8,VD10,1,Acetylcholine
3339,VB8,VD9,10,Acetylcholine
3340,VB9,AVAL,5,Acetylcholine_GJ
3341,VB9,AVAR,4,Acetylcholine_GJ
3342,VB9,AVBL,1,Acetylcholine_GJ
3343,VB9,AVBR,6,Acetylcholine_GJ
3344,VB9,DD5,8,Acetylcholine
3345,VB9,DVB,1,Acetylcholine_GJ
3346,VB9,PVCL,2,Acetylcholine_GJ
3347,VB9,VA8,3,Acetylcholine_GJ
3348,VB9,VA9,4,Acetylcholine_GJ
3349,VB9,VB8,1,Acetylcholine
3350,VB9,VB8,3,Acetylcholine_GJ
3351,VB9,VD10,5,Acetylcholine
3352,VC1,AVL,2,Serotonin_Acetylcholine
3353,VC1,DD1,7,Serotonin_Acetylcholine
3354,VC1,DD2,6,Serotonin_Acetylcholine
3355,VC1,DD3,6,Serotonin_Acetylcholine
3356,VC1,DVC,1,Serotonin_Acetylcholine
3357,VC1,PVT,2,Serotonin_Acetylcholine
3358,VC1,VC2,3,Serotonin_Acetylcholine
3359,VC1,VC2,6,Serotonin_Acetylcholine_GJ
3360,VC1,VC3,1,Serotonin_Acetylcholine
3361,VC1,VC3,2,Serotonin_Acetylcholine_GJ
3362,VC1,VD1,1,Serotonin_Acetylcholine_GJ
